,age,sex,education,income,east-west,happiness,health,lived_abroad,orientation,Emb_dim1,Emb_dim2
0,57,Female,3,3000,West,10,5,No,2,0.46013263284593653,-0.37595851279527637
1,49,Male,5,5000,West,9,3,No,5,0.3447281834961145,-0.31209262487594575
2,38,Male,3,2250,West,8,3,Yes,5,0.3544522811433874,-0.08985097234029292
3,80,Female,2,265,West,8,1,No,6,-0.33749410426777515,-0.33612355851516146
4,47,Male,3,2500,West,8,3,No,5,0.387050982219424,-0.20448676316708586
5,80,Female,5,2000,West,10,2,Yes,3,0.29312764747663894,0.09032119435963723
6,23,Male,5,250,West,9,5,No,6,-0.3374941042677752,-0.336123558515162
7,48,Male,2,3000,West,9,4,No,6,0.45185740365296634,-0.36954529188322477
8,81,Male,2,1500,West,6,4,No,3,0.036138215609862204,0.44280468632144154
9,33,Female,5,3000,East,8,4,Yes,6,0.42300210682542694,-0.3416378572942399
10,28,Female,4,1800,West,9,5,No,3,0.16460738014216103,0.2475702432643942
11,62,Female,2,600,West,8,3,No,3,-0.4578411331097482,-0.3767651642169496
12,38,Male,4,2875,West,9,4,Yes,2,0.42714357865089725,-0.3273807719409982
13,70,Male,2,1800,West,10,5,No,6,0.16823489049723828,0.2501226984021798
14,46,Male,2,1800,West,5,3,No,6,0.16746651051564032,0.24241671511004254
15,56,Male,5,2125,East,8,3,No,1,0.364349517040171,0.0015290970405608983
16,56,Male,2,5000,West,10,4,No,6,0.34696589145826695,-0.3143146411401639
17,58,Female,2,1900,West,9,2,No,3,0.26020963456491475,0.16949485430160452
18,29,Female,5,700,West,10,5,No,3,-0.42465559467618824,-0.27481188610932633
19,24,Male,5,2100,East,8,4,No,6,0.30421790079610656,0.030226339530033987
20,53,Female,5,3000,East,8,4,No,2,0.47344388266639664,-0.3888244533898397
21,65,Female,3,1300,East,8,3,No,5,-0.10091354534059668,0.39305842908933863
22,50,Female,3,650,West,8,3,No,6,-0.4025263424949046,-0.2965282439708577
23,32,Female,5,2000,East,9,5,No,1,0.29168314833244324,0.08273301150681257
24,47,Female,3,1000,East,7,3,No,6,-0.2704418498158538,0.16052803683920297
25,57,Female,3,550,West,10,4,No,6,-0.5148445341444118,-0.47116815287314734
26,38,Male,3,3500,West,8,3,Yes,6,0.459701682698915,-0.40415205720492586
27,35,Female,5,1,East,10,4,No,6,-0.2574031598179125,-0.255865004571962
28,72,Female,5,2500,West,6,2,No,2,0.3781240438728207,-0.1958971698917656
29,28,Male,3,1500,East,10,5,No,1,0.03912260586598584,0.44226755092370645
30,44,Male,5,3300,West,8,3,No,6,0.5312423970514633,-0.4568484533197087
31,30,Male,4,650,West,8,4,No,9,-0.38010313076730545,-0.2799789377703366
32,79,Female,2,420,West,9,2,No,6,-0.43778841034975147,-0.4302961679415821
33,46,Female,5,1500,West,9,4,No,5,0.046550493100249855,0.5206181263986221
34,55,Female,3,1500,East,9,5,No,1,0.04836033481167776,0.5373486493638981
35,56,Female,2,1400,West,5,4,No,3,-0.009888662093615707,0.49109207693938306
36,43,Male,4,3500,West,8,3,Yes,3,0.4681487714358901,-0.41116590783792895
37,44,Female,3,2900,West,8,2,No,6,0.4179142231069599,-0.32334472777975903
38,50,Male,2,1700,West,7,4,No,3,0.13109445839863285,0.36625552061901884
39,38,Male,5,1400,East,9,4,No,3,-0.01410857677763649,0.4464325092349076
40,61,Female,2,900,West,8,2,Yes,3,-0.3333407372171474,-0.008889099065898527
41,47,Female,4,1200,West,8,1,No,2,-0.17485062311988955,0.37615294760015094
42,74,Female,3,813,West,10,5,No,6,-0.3378546704796901,-0.12376056538234861
43,55,Female,5,3500,East,8,3,No,1,0.48504197613657496,-0.4251903238185117
44,24,Male,3,1313,West,7,4,No,4,-0.07173068518684816,0.3607706788961347
45,55,Female,3,1800,West,9,4,No,2,0.17187364884110487,0.24670549652840557
46,26,Female,3,1100,East,8,5,No,6,-0.20110964565116912,0.25577395565866123
47,63,Female,5,1875,East,7,2,Yes,1,0.2512823074699509,0.17461291772487403
48,59,Male,3,1100,East,7,3,No,1,-0.25892679671044266,0.3288236066825756
49,31,Male,4,1600,West,9,5,No,1,0.08043970155740257,0.4068521814224287
50,20,Female,5,400,West,9,5,No,5,-0.42922919974414875,-0.4227693851546887
51,32,Female,5,2700,West,8,4,No,6,0.40402086562106637,-0.27967787381798453
52,45,Female,5,2000,East,10,5,No,6,0.3047661609603012,0.08507793531959834
53,55,Male,3,2400,West,6,4,Yes,1,0.34786048487942495,-0.14820482723389997
54,63,Male,3,800,East,7,3,Yes,5,-0.39892761111782954,-0.16745229280691365
55,71,Female,5,1050,East,8,3,No,3,-0.2484249628465121,0.20540402760122883
56,55,Male,3,1875,West,7,4,No,6,0.2512922498913636,0.17459150058923478
57,22,Male,2,2000,West,8,5,No,6,0.27572738984677264,0.07547196617834057
58,24,Female,5,476,East,5,4,No,2,-0.47174603555182376,-0.45247540746178294
59,48,Female,5,3500,West,7,4,Yes,6,0.4766039425263931,-0.4182097322728207
60,53,Male,4,3500,West,9,4,No,6,0.48927639461955996,-0.42873735269518576
61,82,Female,5,1600,East,8,3,No,1,0.07909554729845943,0.3998898194397005
62,32,Female,5,3400,West,10,4,Yes,6,0.5056797211155225,-0.44096260292014594
63,37,Male,4,1200,East,9,4,Yes,6,-0.16495733550564723,0.3587837291590544
64,78,Male,2,1600,West,10,4,No,5,0.07802472141027901,0.4063697859314352
65,64,Male,5,2500,West,5,2,No,3,0.3870373557511061,-0.204439261729478
66,20,Female,3,380,West,8,4,No,6,-0.42715723549936957,-0.4211643020310452
67,48,Male,5,3500,East,8,4,No,3,0.48293947629682354,-0.42347094356183346
68,42,Female,5,1900,West,7,4,No,3,0.2608757667270651,0.1714690485112862
69,76,Female,2,1500,East,9,3,No,1,0.038002091569958006,0.45580698368775363
70,38,Male,4,2500,West,10,3,No,5,0.3752685105261298,-0.19160493504333517
71,80,Female,2,200,West,8,3,No,3,-0.3041630687402576,-0.30284911643361456
72,42,Female,3,404,East,5,2,No,11,-0.4378030382831663,-0.43035558489858927
73,18,Male,5,800,West,8,4,Yes,6,-0.34878719417255694,-0.15533217496435048
74,62,Female,3,1300,East,8,5,No,6,-0.1026589232793436,0.4012808165607464
75,62,Female,3,688,West,8,4,No,3,-0.38709960104204405,-0.2689968420918706
76,81,Male,2,1313,East,6,2,No,9,-0.07061735683514182,0.3661529765682221
77,42,Female,5,2400,West,8,2,No,3,0.34109639970698025,-0.1468782834899515
78,57,Male,5,950,West,5,2,No,1,-0.27050293637217576,0.06952415089996584
79,76,Male,2,900,East,8,2,No,9,-0.30810278419556003,-0.014234062229295142
80,48,Female,5,2000,West,8,4,Yes,2,0.3066256073042206,0.08803613289806397
81,53,Male,2,680,East,5,2,No,9,-0.3880474315139816,-0.27255722676516825
82,77,Male,4,3300,West,8,3,No,6,0.5204804685830041,-0.4473184779068425
83,67,Female,3,500,West,10,4,Yes,5,-0.4900531107193676,-0.4655875582972009
84,37,Female,5,1200,East,7,5,Yes,6,-0.1649573355056478,0.3587837291590539
85,33,Male,3,1220,East,6,3,No,4,-0.14314664985988837,0.36565611327033387
86,64,Male,5,3500,East,9,4,No,3,0.4765899688243639,-0.4181582307062625
87,64,Male,4,688,East,8,5,No,6,-0.38709960104204333,-0.2689968420918702
88,57,Male,5,3000,West,6,3,No,2,0.46252390094310736,-0.3787312840191876
89,51,Male,3,1500,East,5,3,No,3,0.046968299020144676,0.5335444331642889
90,40,Female,4,2050,West,9,4,No,6,0.287438162958124,0.04579041701084297
91,67,Male,5,1800,West,6,4,No,6,0.16882358992791582,0.2520777902033053
92,30,Female,5,875,West,8,5,Yes,2,-0.31711780966526815,-0.05692715404985864
93,57,Male,3,1300,East,9,4,No,1,-0.11248019744691916,0.4204698718746594
94,59,Male,5,3750,West,9,4,No,6,0.4380349988207689,-0.3906496496027253
95,47,Female,3,1188,East,5,3,No,3,-0.18584499982749503,0.3354792173695795
96,33,Male,5,2400,West,8,5,Yes,2,0.32621386330382574,-0.13973174626749715
97,90,Male,2,2125,West,9,3,Yes,5,0.30724170110719184,-0.010253766399894181
98,24,Male,5,700,West,9,5,Yes,6,-0.4086331173887891,-0.26988525705190686
99,22,Female,5,280,West,9,4,No,1,-0.35966469787702926,-0.35809917925918344
100,64,Female,5,564,West,9,5,No,5,-0.45984890544789664,-0.4112465692807046
101,34,Female,3,280,East,9,5,No,11,-0.3441484370294579,-0.3427292681978225
102,53,Male,5,1500,East,8,3,No,3,0.04704656782872127,0.5356568014734715
103,23,Female,5,1200,West,9,5,Yes,2,-0.15296084501426646,0.3221774570955594
104,49,Female,5,1313,West,10,5,No,6,-0.0715586947994194,0.36551904745967234
105,73,Female,2,960,East,9,4,No,6,-0.28185674576081193,0.08739279639835111
106,51,Male,5,2875,West,4,4,Yes,2,0.4179142231069604,-0.32334472777975887
107,64,Female,3,1400,East,8,3,No,2,-0.012424183873496024,0.4538988348851102
108,25,Female,5,1082,West,8,2,No,2,-0.23170147552338655,0.21735403990628901
109,27,Male,3,1579,West,8,5,No,6,0.07519847857542492,0.48356875209516476
110,73,Female,3,813,East,8,4,Yes,2,-0.3378309865149732,-0.12367202280128171
111,23,Male,3,700,West,6,3,No,1,-0.3921159389720082,-0.26317405960047036
112,24,Female,4,300,East,9,4,No,2,-0.39719307556522765,-0.3947937580072255
113,84,Female,1,2000,West,10,3,No,3,0.275298605693436,0.0798821487951478
114,27,Male,5,1500,East,9,5,No,3,0.038729633776061215,0.4400595749511042
115,49,Female,4,2096,West,4,2,Yes,2,0.2924350279368994,0.03681824192784867
116,76,Male,2,1150,West,8,4,No,1,-0.2083114804897571,0.34795900235272165
117,46,Male,3,2000,East,9,4,No,4,0.30839091730786566,0.0874792279912602
118,53,Female,5,1000,West,9,2,No,6,-0.2690028648181659,0.15160918320678451
119,25,Male,3,1300,West,8,3,No,6,-0.08258358392019971,0.327767159475723
120,54,Female,3,1500,West,7,4,No,3,0.04792993082143291,0.541843149644513
121,76,Female,2,700,East,9,4,No,5,-0.42526290581337917,-0.2771271632112879
122,76,Male,2,1438,West,10,4,No,3,0.013755991641699956,0.4410427156057873
123,39,Female,5,1200,West,9,5,No,6,-0.16601934393313866,0.3601838179362671
124,28,Male,3,2000,West,3,4,No,9,0.28235549684351413,0.07881945739683506
125,48,Female,5,1600,West,5,3,Yes,1,0.0865874925258441,0.4791529971775413
126,45,Female,3,2200,East,9,4,No,3,0.3450888327356382,-0.06646181717742841
127,65,Female,5,1500,East,8,5,No,6,0.041950120457010555,0.4932481916117376
128,71,Male,2,1200,West,10,5,No,3,-0.16760199938872744,0.3735459206975404
129,67,Female,3,850,West,10,5,No,6,-0.3286702410941292,-0.078295618643166
130,52,Male,5,4500,West,7,3,No,6,0.35510083574083384,-0.32016202298673524
131,57,Male,2,350,East,5,1,No,9,-0.42761964869895464,-0.42304907197147457
132,20,Female,2,300,West,8,4,Yes,3,-0.3971930755652275,-0.3947937580072257
133,55,Male,3,2300,West,8,5,Yes,6,0.34904141390534993,-0.12159374056801711
134,67,Female,5,2400,West,10,4,No,3,0.3389366322594238,-0.1450451725539242
135,54,Male,4,3550,West,8,4,No,6,0.44737728556313167,-0.39490962569162474
136,74,Female,2,1200,East,8,4,No,3,-0.16675971538211648,0.36927827992502626
137,57,Male,5,6250,West,9,5,Yes,1,0.2821816738224684,-0.25640188884117965
138,71,Female,3,1188,West,8,4,No,5,-0.18591167669159378,0.3353155646952613
139,73,Male,5,2500,East,9,3,No,9,0.3613992955667106,-0.18804771833759323
140,54,Female,3,2000,East,8,4,No,6,0.31376513314259846,0.0894862787970534
141,20,Female,5,1400,East,8,5,Yes,9,-0.010405567962427984,0.37557003130248967
142,33,Male,5,3300,West,9,4,No,3,0.5291990074553472,-0.45534377939092446
143,39,Male,3,1438,East,9,4,No,9,0.013755991641700091,0.4410427156057869
144,81,Male,2,1438,West,8,4,No,9,0.013755991641699753,0.44104271560578745
145,79,Male,2,1500,East,8,3,No,3,0.0371230803632175,0.4469793151556082
146,57,Male,3,2300,West,9,4,Yes,3,0.3474509079596021,-0.12156077457038714
147,21,Female,5,800,West,8,5,No,6,-0.36620019877464166,-0.16540908346713296
148,47,Male,4,2500,West,7,4,No,9,0.3828274269244509,-0.20097922321302247
149,51,Male,2,1700,West,10,3,No,3,0.13109445839863348,0.36625552061901906
150,58,Male,4,150,West,10,5,No,6,-0.2974945446230839,-0.2961846234547845
151,79,Male,5,1600,West,10,3,Yes,6,0.07781074123103433,0.40406331247296196
152,55,Female,5,1800,East,7,3,No,6,0.17084328698823584,0.2484855975525539
153,45,Female,5,1500,West,10,4,No,5,0.047061998045919005,0.5204680159620956
154,51,Male,5,2100,West,7,2,Yes,2,0.32221836044969554,0.023550934816476757
155,48,Female,3,1500,East,4,3,No,9,0.04480242498158286,0.5232341413597702
156,26,Male,5,650,West,6,4,No,6,-0.3848171640147915,-0.2854386650197457
157,53,Male,2,2500,West,8,3,No,9,0.39130488160472465,-0.2081069479497134
158,72,Male,3,900,East,3,3,No,1,-0.32143008400036666,-0.016123775442184025
159,29,Male,5,2400,East,8,4,Yes,3,0.32404761153377104,-0.13787831437027884
160,31,Male,3,1800,East,8,4,No,5,0.1645916571215068,0.24758393877921292
161,65,Male,1,1050,East,5,3,No,1,-0.24894797384445141,0.20418044619152828
162,54,Female,4,1000,East,8,4,No,1,-0.26742376842039806,0.1473684683709341
163,47,Female,2,1500,West,9,4,No,3,0.046547822360789186,0.5206118793761102
164,49,Female,3,1600,West,10,5,No,3,0.08467072942701893,0.4763723054986979
165,28,Female,5,2100,West,9,5,No,2,0.320406104849546,0.02424820645737907
166,31,Male,5,2400,East,8,4,Yes,4,0.32452137931967107,-0.13939633666359408
167,51,Female,3,450,West,6,3,No,6,-0.44568245106115556,-0.43511336384446087
168,61,Male,2,830,West,7,1,No,3,-0.3338552401864187,-0.0950388512197281
169,19,Male,5,450,West,8,4,No,5,-0.44580803498567384,-0.4356249969504595
170,35,Female,3,1800,West,5,2,No,3,0.16454896152007592,0.24762297925370455
171,44,Male,5,6250,East,9,4,No,2,0.28218167382246834,-0.2564018888411793
172,39,Male,3,2100,West,9,5,Yes,3,0.3209097990207656,0.022912454607971144
173,31,Male,3,1250,East,8,3,No,4,-0.1374624759186855,0.3688139035922958
174,61,Female,2,3000,West,10,4,Yes,3,0.45815801284488356,-0.37469853711306805
175,76,Male,2,2300,West,9,3,No,6,0.33419683380953774,-0.11963593982143418
176,56,Male,4,600,West,5,3,No,1,-0.46033089395636634,-0.38003112409386797
177,21,Male,2,1200,West,4,4,No,2,-0.15147760259986,0.31864519321481616
178,52,Male,5,7500,West,8,4,No,6,0.262617482931808,-0.23854306113889645
179,60,Female,3,1500,East,9,4,No,3,0.04720910684763137,0.5376118864895809
180,32,Female,3,900,West,10,5,Yes,6,-0.31034856697930924,-0.021250104587956592
181,22,Female,5,750,West,9,4,No,1,-0.4177863177542768,-0.23797426610980457
182,76,Male,2,2800,West,6,1,No,2,0.3980634382907255,-0.2814485224624653
183,45,Male,5,1200,West,4,3,No,3,-0.17270264720955456,0.3734286203622441
184,64,Female,2,350,West,9,3,No,6,-0.42761964869895447,-0.42304907197147323
185,45,Male,5,8750,West,9,5,Yes,6,0.2560806551966621,-0.23253200119117196
186,54,Male,3,3500,West,8,4,No,6,0.4913779064106726,-0.43045302143284847
187,55,Female,3,1500,East,5,3,No,9,0.04592418194496167,0.5336857875418599
188,48,Female,5,2100,West,9,4,No,1,0.3204075028123978,0.024253467842265976
189,53,Male,5,3500,East,8,4,Yes,1,0.47665232181680117,-0.4183882360136281
190,71,Male,2,2125,West,8,3,No,5,0.3320064911526685,-0.009408368687069332
191,40,Male,2,4000,West,8,4,No,6,0.410719220200373,-0.36837910176845906
192,35,Male,2,650,East,8,4,No,9,-0.3838921975676894,-0.28188667051805005
193,56,Male,3,1600,East,7,3,No,6,0.08841355133046454,0.4819694073975143
194,80,Female,2,900,East,5,2,No,1,-0.30486338313101996,-0.01403740264154891
195,65,Female,3,850,East,9,4,No,3,-0.3330920854622767,-0.08225986744856759
196,49,Female,3,813,East,8,3,No,11,-0.34086872020163356,-0.1231455193917164
197,57,Female,2,1200,West,8,4,No,6,-0.16727319943359314,0.37137633545214765
198,64,Male,2,1600,West,7,3,No,6,0.08431919870043661,0.44758004595127043
199,31,Female,5,1300,West,8,5,Yes,3,-0.08839000549075131,0.344967176302854
200,37,Male,3,1600,East,7,4,No,9,0.08271093607134668,0.4324540950458889
201,34,Female,3,1063,West,5,3,No,3,-0.24790840937686962,0.20660703163300675
202,70,Female,4,813,West,9,2,No,6,-0.3398034739670342,-0.12490334706971813
203,81,Female,3,1833,West,8,2,No,3,0.16882803789632897,0.18466682183207964
204,34,Female,3,1900,West,8,4,No,2,0.26749908236512854,0.17099425685102287
205,41,Female,3,1188,East,6,4,No,2,-0.18584499982749475,0.3354792173695795
206,64,Female,3,1100,West,10,4,No,2,-0.2449875675381914,0.30494474042770026
207,29,Male,5,1500,West,5,4,Yes,3,0.039420618708200926,0.44911188409988567
208,84,Male,2,1800,East,10,4,No,3,0.1563260260553393,0.235009545438383
209,30,Male,3,1600,West,10,5,No,2,0.08209510099026854,0.4073730888143027
210,60,Male,3,320,East,6,3,No,3,-0.40153096956532197,-0.3987934903201409
211,75,Female,2,1063,East,8,3,No,3,-0.24486618230210674,0.20610179325043548
212,70,Female,5,2875,West,9,3,No,6,0.4211976741665107,-0.32349625884494093
213,65,Male,3,1063,West,8,3,No,3,-0.24487262985226674,0.20608356947100065
214,67,Female,3,950,East,9,4,No,3,-0.26927123230876326,0.06848146826483319
215,24,Male,2,1300,West,8,4,No,11,-0.08171452167357429,0.3236566264207278
216,43,Female,3,1400,West,8,4,No,3,-0.013136505226733021,0.4580946273366256
217,23,Male,5,1500,West,8,4,No,5,0.03794020904650659,0.4356433564121712
218,57,Male,3,1900,West,10,5,Yes,6,0.25761566743282943,0.16826770562170346
219,39,Male,5,1200,West,5,2,Yes,2,-0.167086732666276,0.36157279831602146
220,56,Male,5,1875,East,9,4,No,2,0.2512809948679785,0.1746155933043113
221,36,Male,5,3100,West,9,5,Yes,9,0.4884416853625412,-0.41366691263317046
222,65,Male,4,2900,West,9,4,No,6,0.41791422310696,-0.3233447277797594
223,65,Female,4,1300,West,8,3,No,1,-0.1007163636794982,0.38611995729014953
224,48,Female,2,700,West,10,5,No,3,-0.43199038374969106,-0.27778975624634733
225,66,Male,2,3000,West,8,3,No,6,0.44003066976187144,-0.35618937143488516
226,85,Male,1,900,East,7,3,No,6,-0.29576183827776104,-0.015361236562003016
227,33,Female,5,1600,West,2,3,Yes,2,0.07971040484955051,0.40775557538084517
228,58,Male,3,742,East,8,3,No,3,-0.4356813102931955,-0.25567592844143483
229,23,Male,2,1200,West,10,3,No,3,-0.15402904969517395,0.32356765766861234
230,85,Female,1,1800,East,7,2,Yes,3,0.15607768873515723,0.23245084851129594
231,31,Male,3,1500,West,8,4,No,3,0.03976356079110197,0.4536405165282244
232,74,Male,2,550,West,9,3,No,9,-0.514620409607982,-0.47027636134059964
233,81,Male,2,1100,West,8,3,No,6,-0.2144614867778066,0.2628431178332857
234,54,Male,3,2875,East,8,4,No,9,0.4233822762607783,-0.32551492991399894
235,56,Male,3,1875,East,7,4,No,5,0.2512853134490836,0.17460530424718915
236,26,Male,5,1300,West,7,3,No,2,-0.08421386623909467,0.3313598237405586
237,86,Male,3,1700,East,7,3,No,1,0.12075217732351785,0.3115581107324732
238,47,Female,5,900,West,8,5,No,2,-0.31657853267089114,-0.016003389939830123
239,88,Male,5,3000,West,3,4,No,5,0.41027550636320265,-0.3308695082717587
240,62,Female,2,887,West,10,3,No,3,-0.3082672154873208,-0.03917866934337529
241,51,Female,5,900,West,10,2,No,9,-0.3279375814249162,-0.011844567253777772
242,46,Male,3,6250,East,8,4,Yes,6,0.2821816738224681,-0.25640188884117937
243,75,Male,5,3000,West,5,2,Yes,9,0.42462760754482914,-0.3416282019758678
244,22,Male,5,1500,West,10,5,Yes,2,0.03802942305123665,0.4332850524479139
245,57,Female,2,674,West,5,1,No,6,-0.38866430798466695,-0.2748927930622123
246,34,Female,4,1600,West,8,4,No,6,0.08333476522971839,0.4213534151049338
247,55,Female,3,813,West,8,3,No,6,-0.33933978309454077,-0.12337102808337515
248,58,Male,2,1100,West,4,3,No,2,-0.2584010796760192,0.3298751224777475
249,22,Male,5,300,West,8,4,No,6,-0.39719307556522737,-0.3947937580072255
250,54,Female,3,1400,West,6,2,No,5,-0.010380304769157361,0.4931539716864122
251,83,Male,2,1050,West,10,3,No,6,-0.24790181126301666,0.20662563935563102
252,65,Male,2,1800,West,8,4,No,3,0.16782173756011778,0.2538238493669306
253,59,Male,2,3500,West,10,5,No,3,0.4787038761748041,-0.41991960246813054
254,68,Female,3,350,West,10,5,No,2,-0.41883335693613893,-0.414595994036573
255,24,Male,5,700,West,8,3,No,4,-0.40859563596586,-0.26976098296121165
256,30,Male,3,1550,West,8,3,Yes,4,0.06417917592682279,0.4734313727702506
257,76,Male,5,2400,West,8,3,No,6,0.33520851789992695,-0.14323343442446895
258,49,Male,5,2000,West,5,3,No,3,0.3073539487265188,0.08633552960904305
259,32,Female,4,1900,West,9,3,Yes,1,0.2628871842876484,0.17062030796938943
260,31,Male,3,1600,West,10,5,Yes,3,0.08063943493049168,0.40918768669613415
261,57,Female,3,1800,West,8,3,No,11,0.16967539205794477,0.2445450271726428
262,71,Male,5,2400,West,10,4,No,3,0.3352126214823833,-0.14324574954992594
263,60,Male,5,5800,West,10,5,No,6,0.3102790488328369,-0.28158879738815196
264,52,Male,5,2400,East,6,4,No,1,0.3473868678887746,-0.14668664955609362
265,45,Male,3,1500,East,3,3,No,5,0.04656637635282137,0.520607134471399
266,23,Male,3,1100,West,9,5,No,9,-0.1973276700819068,0.24959310393616338
267,23,Male,5,500,West,6,4,No,2,-0.49400866486597445,-0.4680431802407323
268,75,Female,2,1050,West,3,1,No,6,-0.24790181126301628,0.20662563935563066
269,38,Female,5,900,West,7,3,Yes,2,-0.3157310248847346,-0.018277914933760735
270,73,Female,3,300,West,10,4,No,3,-0.39498395118309,-0.392628930079568
271,34,Female,5,630,East,3,1,No,2,-0.3966308756077689,-0.3056310105970759
272,32,Male,5,1700,West,8,3,No,3,0.12381253639353476,0.332293934895081
273,47,Male,2,1235,West,7,4,No,6,-0.13813683151333234,0.3656794177048799
274,26,Male,3,1200,East,7,2,No,4,-0.15551954428613662,0.32980528756379357
275,67,Male,5,2800,West,8,3,No,3,0.4066674132329972,-0.2890424147818659
276,48,Male,3,3000,West,8,4,Yes,6,0.4583731453010221,-0.37547652067077064
277,44,Female,3,1200,West,9,5,Yes,5,-0.1706725861356561,0.37059433702379224
278,56,Male,2,1875,West,7,4,No,3,0.25128099486797845,0.17461559330431142
279,44,Female,2,1100,West,3,2,No,9,-0.22663074214963477,0.29059395111111685
280,75,Female,2,1200,West,6,3,No,6,-0.16338873002421844,0.3601239194019162
281,74,Male,2,1050,West,8,4,No,3,-0.24790324701146946,0.20662162460229036
282,47,Male,3,1100,East,7,4,No,4,-0.23101949671095326,0.2988602571531969
283,21,Male,4,450,West,9,5,No,5,-0.445808034985673,-0.43562499695045914
284,49,Female,3,960,East,9,4,No,3,-0.2818567457608119,0.08739279639835108
285,36,Female,5,2100,West,8,4,No,6,0.32091031375911533,0.02292109009146775
286,67,Male,5,2000,West,8,4,Yes,2,0.3057648103911819,0.09359563929457299
287,30,Female,5,380,West,10,4,No,6,-0.42716052592359594,-0.4211776272804924
288,56,Male,3,970,East,8,2,No,5,-0.2811640537102828,0.08927104998632766
289,33,Male,2,2100,West,2,3,No,9,0.3167324868791048,0.025820889945235626
290,37,Male,2,1050,East,7,4,No,11,-0.2489479738444523,0.20418044619152775
291,21,Male,5,300,West,9,4,Yes,2,-0.39719307556522776,-0.3947937580072255
292,41,Female,3,1850,West,9,4,No,2,0.17268915840800694,0.17406491614701952
293,38,Female,3,2170,East,9,3,No,1,0.3390750398788148,-0.0488389048319001
294,48,Female,5,1200,West,8,5,No,3,-0.1759185891832986,0.3775348641842068
295,73,Female,3,955,East,5,1,No,6,-0.28419132817552784,0.0852417367590679
296,81,Female,3,1063,East,10,2,No,2,-0.2448647466950229,0.20610580760296388
297,81,Male,2,1300,West,10,4,Yes,9,-0.08722147868045331,0.33644707430601206
298,29,Female,5,800,West,10,5,No,2,-0.373460970234137,-0.16825826897337715
299,70,Female,5,1500,East,7,3,No,1,0.03968320353013172,0.47320759851400734
300,82,Male,3,1800,East,8,4,No,1,0.1685026168201855,0.24069993519666988
301,21,Female,4,450,West,3,4,No,1,-0.44580803498567284,-0.435624996950459
302,65,Male,2,3000,West,9,4,No,6,0.44416224120662456,-0.35937441655708113
303,77,Female,2,2600,West,8,3,Yes,5,0.3992080186190809,-0.24040666716549294
304,46,Male,3,2625,East,8,4,No,2,0.41785484221433333,-0.26045867781865883
305,51,Female,3,1875,West,9,4,No,3,0.2513386467293969,0.1744878919851065
306,57,Female,5,2000,East,10,5,No,6,0.31029122160478156,0.08308327636048046
307,20,Male,3,270,West,8,3,No,5,-0.3397126162631849,-0.3383271187353096
308,26,Female,5,2000,West,5,4,Yes,2,0.2780562443305699,0.07744448492471295
309,25,Female,3,670,West,9,4,No,3,-0.3874666779633663,-0.27654679608131916
310,57,Female,3,1600,East,8,5,No,9,0.0825302284489319,0.45809507600964566
311,64,Male,2,2200,West,9,4,No,2,0.3420921273638888,-0.0670401928394546
312,42,Female,2,1000,West,10,4,No,3,-0.2580711060222735,0.15943630939970685
313,40,Male,5,5200,East,5,3,No,6,0.3209579503869242,-0.2907969861277285
314,48,Male,5,2500,West,8,4,No,9,0.3807240284322772,-0.19925628878042426
315,31,Male,3,2400,West,8,2,No,5,0.3245213793196705,-0.13939633666359452
316,56,Male,2,2200,West,8,3,No,3,0.34816091310715513,-0.06639968080378553
317,31,Female,3,1100,West,8,3,Yes,3,-0.21439331062127145,0.27737818536614395
318,53,Female,3,500,East,5,1,No,9,-0.48578015684274134,-0.4618414349545963
319,39,Female,3,700,West,7,4,No,3,-0.4262371319453695,-0.2745980893723583
320,56,Female,5,2500,West,8,4,No,6,0.39882923643150886,-0.212031697442021
321,51,Female,2,1200,West,5,2,No,9,-0.16556649070595247,0.362994216688339
322,56,Male,5,4250,East,9,4,Yes,9,0.35699166496890955,-0.3210913397744691
323,59,Male,2,620,East,6,1,No,5,-0.39741296862456293,-0.3086859986573605
324,36,Female,5,1370,East,7,1,No,2,-0.032075170439658414,0.3779529823700571
325,39,Male,3,1750,West,6,4,Yes,9,0.1432708074158538,0.26323802764985443
326,52,Male,5,5000,West,8,4,Yes,1,0.3469000908706304,-0.3140694067521266
327,64,Male,3,1350,East,8,3,No,3,-0.047186212958731384,0.374824609854958
328,90,Female,3,1100,East,10,4,No,3,-0.20030571881257334,0.24636982306489033
329,35,Female,5,670,West,9,4,No,6,-0.3915536397916152,-0.2795920090124082
330,61,Male,5,1200,West,9,4,No,6,-0.1646470575521895,0.369172532918819
331,48,Male,5,1188,East,3,5,No,6,-0.1870472766286877,0.33659390765215647
332,68,Male,3,1850,West,8,4,No,1,0.17412818383430523,0.1713322983315394
333,42,Female,4,990,West,8,3,Yes,3,-0.2659942468192349,0.11326745233747225
334,58,Male,5,3400,West,8,4,No,1,0.5056786455145483,-0.4409585445742823
335,36,Female,5,1800,West,9,4,Yes,2,0.165556846383449,0.24584155935863447
336,71,Male,5,1200,East,7,4,Yes,1,-0.16760703364675103,0.3735386613370952
337,71,Female,2,600,West,6,3,No,3,-0.45312963494933434,-0.3712835057777767
338,22,Female,5,400,West,8,5,No,2,-0.4292291997441493,-0.42276938515468865
339,48,Male,3,1200,East,8,3,No,9,-0.16872913578710194,0.3700002615545159
340,50,Female,5,2300,West,10,5,Yes,2,0.3454385750285499,-0.12023211058641747
341,71,Male,3,2300,West,7,3,No,2,0.3390862308120466,-0.12008051836962017
342,52,Male,3,4400,West,8,3,No,6,0.35489583907906014,-0.31939819398657454
343,43,Female,3,2400,East,8,4,No,6,0.3431351655030549,-0.14836664433561253
344,50,Male,2,1100,East,10,4,No,2,-0.23637164929032195,0.3018618879112356
345,85,Female,2,1063,East,10,3,No,6,-0.24486474669502362,0.20610580760296393
346,30,Male,3,2500,West,10,5,No,6,0.3752685105261299,-0.19160493504333503
347,68,Male,3,650,East,8,2,Yes,3,-0.3950123507414999,-0.29294323558441787
348,54,Female,2,1600,West,5,3,No,6,0.08559457519401456,0.4777685091231921
349,55,Male,2,720,West,5,2,No,1,-0.43269814453170174,-0.2624672752385621
350,48,Male,3,4000,West,7,5,No,6,0.4150696800928642,-0.37235489441130276
351,43,Male,2,2050,West,8,2,No,6,0.2874381629581239,0.0457904170108426
352,43,Female,5,4000,West,8,5,No,6,0.41504399459581864,-0.37226022791781294
353,48,Male,2,2650,West,8,4,Yes,9,0.4271392944597149,-0.27604516591076705
354,36,Male,5,2000,East,7,4,No,9,0.29873934027925136,0.08466945152514989
355,50,Female,3,800,East,8,4,No,2,-0.39857552322233586,-0.17169380697494768
356,69,Male,3,922,West,10,3,No,3,-0.29991966270529097,0.015470895822314222
357,21,Female,4,640,West,7,4,No,3,-0.39749225518894854,-0.3025515364578771
358,35,Female,5,1100,West,9,5,No,3,-0.22225199069905727,0.2857877250572877
359,48,Male,2,1900,West,7,3,No,1,0.26438682562129046,0.17085101407515904
360,50,Male,5,3400,East,8,3,No,6,0.5056797211155227,-0.4409626029201464
361,27,Female,5,1600,West,9,5,No,6,0.07949070717360644,0.3950217029521069
362,42,Female,5,1700,West,10,4,No,6,0.1254162202059284,0.34109268622589445
363,72,Male,5,6500,West,8,5,Yes,5,0.2822183813814766,-0.2565397698431843
364,20,Male,3,700,West,8,3,No,3,-0.38478875717083627,-0.2602302911118846
365,30,Male,3,2600,West,8,3,No,6,0.3992100168800465,-0.24041061332670605
366,26,Female,5,120,West,7,5,No,2,-0.2952702993961288,-0.29395732138046365
367,39,Male,5,2000,West,10,5,No,6,0.30306188223511404,0.08542945561239852
368,51,Male,3,1500,West,10,4,No,6,0.047455371451777924,0.5334240329412339
369,48,Male,2,3100,West,8,4,No,9,0.49061996554541076,-0.4156685075646898
370,73,Male,2,1200,West,7,4,Yes,9,-0.1673214583887452,0.3713304265624345
371,76,Female,3,2500,West,9,4,No,6,0.3575037568591218,-0.1856806534745858
372,61,Female,4,1500,West,8,4,No,2,0.04207131568859792,0.5047037158438766
373,75,Male,2,1500,East,8,3,No,3,0.038398277049824264,0.4580095051816252
374,42,Female,3,1500,East,10,3,No,6,0.042931014415789295,0.4985611246576794
375,38,Female,3,2250,West,9,4,No,6,0.3553856460529141,-0.09263844265312678
376,59,Female,4,1200,West,9,4,No,3,-0.16729886816112288,0.3713215825454517
377,53,Male,3,3300,West,9,5,No,6,0.5312423970514636,-0.45684845331970914
378,31,Male,4,2950,West,8,5,No,5,0.4189417921378306,-0.3270151662457191
379,40,Male,3,1400,East,4,3,No,9,-0.012994050521141613,0.4513670950328873
380,68,Male,3,1600,West,6,3,No,6,0.08305492057155288,0.4363096293045881
381,73,Female,5,350,West,8,3,No,3,-0.41663517521243876,-0.41247612862538613
382,58,Male,5,4000,East,10,5,Yes,3,0.414993587539606,-0.3720721871865523
383,53,Female,3,1700,West,9,3,No,2,0.1310944583986334,0.3662555206190186
384,31,Female,5,830,East,1,1,No,2,-0.3334593092205354,-0.09893360857017643
385,26,Male,5,600,East,8,4,Yes,1,-0.4689049633574527,-0.38768877544688457
386,61,Female,3,2300,West,5,4,No,3,0.34856685819218786,-0.1200891156421419
387,30,Male,5,2500,West,9,5,No,6,0.37353858748017066,-0.1911553705517458
388,66,Male,5,2100,East,5,2,No,1,0.32091011146345894,0.02291577823010158
389,49,Male,3,3900,West,8,4,No,5,0.42963472298609434,-0.38381402523484354
390,36,Male,3,2125,East,8,4,No,9,0.36810962368166883,-0.0003326742437860196
391,42,Male,4,3600,West,10,4,No,3,0.4410722982009045,-0.3897629440372345
392,64,Female,5,3000,West,8,4,No,3,0.4470338437119576,-0.36386679473789146
393,59,Male,4,3100,West,9,4,No,2,0.4904176452895158,-0.4149366471698893
394,56,Female,5,3000,West,8,5,No,3,0.469291930619133,-0.38556683611043885
395,50,Female,3,1500,West,9,4,No,6,0.047455371451778375,0.5334240329412339
396,29,Female,5,1400,West,9,5,Yes,2,-0.010459085259890137,0.3913595475627739
397,49,Female,3,1000,West,8,5,No,6,-0.2662054129976392,0.15056932576907087
398,69,Male,3,1200,East,8,4,No,9,-0.1672850397875324,0.371366781827327
399,53,Female,4,2000,West,7,4,No,9,0.3095528415192936,0.08484293924671073
400,88,Female,2,1100,East,10,3,Yes,3,-0.2025281248863642,0.248731562874538
401,50,Female,3,813,East,8,4,No,6,-0.3408628167689796,-0.1231244369802931
402,42,Female,3,1063,West,8,3,No,2,-0.2479084093768693,0.20660703163300664
403,33,Male,5,1300,East,8,4,No,2,-0.09092631907264387,0.3550005914378214
404,59,Male,5,4100,East,9,3,No,6,0.4064503125836864,-0.36470465697749305
405,35,Female,3,250,West,8,4,No,2,-0.3374941042677754,-0.33612355851516185
406,79,Male,5,2375,West,9,3,No,3,0.3304417496022007,-0.13276353529198284
407,62,Male,2,2700,West,8,4,No,3,0.3984916031803118,-0.2772558322844228
408,68,Female,2,607,West,7,4,No,6,-0.4390220928177914,-0.35493337065095626
409,51,Female,4,2000,West,9,4,Yes,2,0.3135480085938067,0.08638130063330214
410,74,Male,3,1000,East,8,4,No,3,-0.2645790020593986,0.1467088427548064
411,50,Female,3,1313,West,5,3,No,3,-0.07151463612150599,0.36555768844876313
412,69,Female,2,1800,West,9,4,Yes,3,0.16823489049723833,0.2501226984021797
413,58,Female,3,1800,West,7,4,No,3,0.17085600884947733,0.24847982844768832
414,19,Male,2,592,West,5,3,No,11,-0.48316142784274485,-0.41123422411994914
415,87,Female,2,1100,West,8,3,No,3,-0.20461088651541828,0.2513703745912163
416,58,Male,2,4000,West,8,4,No,3,0.4149939322009376,-0.37207346634160926
417,23,Female,5,550,East,7,4,Yes,2,-0.5128101944568102,-0.469705770544987
418,79,Female,2,920,East,6,4,No,3,-0.29991966270529113,0.015470895822314222
419,44,Male,3,4500,West,8,4,No,4,0.3550169636915757,-0.319850139248634
420,75,Female,5,300,West,10,5,No,6,-0.3949839511830903,-0.3926289300795675
421,65,Male,2,1188,West,8,4,Yes,3,-0.18591167669159359,0.3353155646952612
422,43,Male,5,3500,East,8,4,No,9,0.4639254620497515,-0.4076597959468618
423,35,Female,3,665,East,8,2,No,9,-0.38772407452248175,-0.277548132861857
424,84,Female,2,2000,East,9,3,No,1,0.28153001782877723,0.08397097558539135
425,70,Male,3,2625,West,10,3,No,5,0.41566948180636654,-0.25843420984147725
426,68,Male,3,950,East,7,2,Yes,1,-0.27050109224526175,0.069529802805341
427,73,Male,4,3000,West,10,5,Yes,5,0.43138404058282503,-0.348420434674896
428,59,Female,2,3000,West,5,3,No,9,0.4497009292155245,-0.3676238139898297
429,61,Male,3,980,East,6,4,No,3,-0.2789793683469225,0.10390240643535832
430,56,Female,3,1700,East,5,4,No,1,0.13109445839863354,0.3662555206190193
431,60,Male,3,2000,East,8,3,No,9,0.30312384661946246,0.08540947051242954
432,53,Male,3,350,West,4,2,No,3,-0.42761964869895464,-0.42304907197147396
433,67,Male,3,1500,West,8,4,Yes,6,0.04184987234195419,0.4794584822496985
434,73,Male,3,3090,West,9,5,No,6,0.48606055176627216,-0.41093202371012616
435,20,Female,2,435,West,5,1,Yes,2,-0.44392952166434174,-0.4348064568284142
436,59,Male,3,2000,East,8,3,No,6,0.30917526019282027,0.08572558811495525
437,86,Male,5,1438,West,8,4,Yes,1,0.01365082353112754,0.44097183371851584
438,57,Male,2,2250,West,9,4,No,2,0.354517970040961,-0.09008829397245319
439,54,Male,3,2000,East,8,4,No,2,0.3128088228157982,0.08810371232285555
440,76,Female,2,688,West,9,3,No,6,-0.3907468488445723,-0.270406915764206
441,51,Female,3,5000,East,9,5,No,5,0.34689870309993354,-0.3140643694321635
442,53,Male,4,1875,West,9,3,No,3,0.25130045205682294,0.1745727456355581
443,65,Male,2,1800,West,9,4,No,2,0.16782173756011753,0.2538238493669302
444,85,Male,2,1000,West,10,1,No,6,-0.24654072086412565,0.1353913015294088
445,55,Male,5,3500,West,8,4,No,6,0.49137790641067236,-0.4304530214328483
446,65,Male,5,650,East,7,3,No,2,-0.39820444544785616,-0.292557099766051
447,30,Male,4,1600,West,8,3,Yes,1,0.0820951009902684,0.40737308881430323
448,65,Male,3,1350,East,8,4,No,9,-0.049188532217723624,0.37379823566329784
449,76,Male,2,1200,West,6,3,No,9,-0.15739797302857034,0.34063549051227
450,59,Male,5,3000,East,7,3,No,2,0.45423330183342336,-0.37226485667501313
451,82,Female,2,1063,West,10,4,No,3,-0.244864746695023,0.20610580760296413
452,40,Female,3,700,East,6,3,No,9,-0.4298307411034382,-0.2758270326886081
453,70,Female,3,1313,West,10,5,Yes,6,-0.07149382637847823,0.36559356898667833
454,69,Male,3,1000,East,9,3,No,9,-0.2683460387684466,0.14518543374775023
455,57,Male,3,3800,East,8,4,No,3,0.43162592432580965,-0.38511801035975074
456,23,Male,3,1500,West,9,4,No,3,0.03759168920318248,0.4333872816456855
457,18,Male,5,550,West,7,2,Yes,2,-0.5126044435140696,-0.4688808365530151
458,42,Female,4,100,West,9,2,No,1,-0.2796904492146304,-0.27832425961047697
459,22,Male,5,650,West,8,5,No,6,-0.38481549768363743,-0.28543214297322994
460,77,Male,2,1600,West,8,4,No,5,0.07614511582394402,0.40354365543279963
461,48,Female,5,2850,West,9,5,No,6,0.4087455040185316,-0.2963811700975828
462,66,Female,3,1400,West,8,4,No,5,-0.01283797798821294,0.4492270622476754
463,78,Male,4,1300,West,8,4,No,5,-0.09045227055975273,0.350700480775072
464,48,Female,5,2400,West,8,3,No,3,0.34435209788116466,-0.14717932164718445
465,68,Female,2,1100,East,0,3,No,3,-0.23215235605670734,0.2893969644819583
466,36,Female,5,600,West,7,4,Yes,6,-0.4781049200356823,-0.39776755852999085
467,78,Male,3,1200,East,7,2,No,1,-0.15591266419713087,0.33711659094835583
468,50,Male,2,2200,West,7,3,Yes,2,0.3446987688003952,-0.06531140975484118
469,64,Male,3,1800,East,8,4,No,1,0.1688276244521672,0.25206268933396436
470,65,Male,3,804,East,8,4,No,3,-0.3625614735505653,-0.14208342455242806
471,53,Female,3,1200,East,9,3,No,6,-0.1698607767495285,0.3685000437796515
472,57,Male,3,2000,East,8,3,Yes,6,0.312770542569566,0.0881770689566004
473,67,Female,2,900,West,5,3,No,6,-0.3227705961686469,-0.015367845535374085
474,21,Female,3,735,West,9,5,Yes,9,-0.43598237595267303,-0.2567534055048187
475,78,Female,3,1000,East,5,3,No,3,-0.2552794712936499,0.1417891186508897
476,77,Male,3,1100,East,8,3,Yes,3,-0.2246607007454659,0.2769160748950909
477,50,Female,3,1100,West,8,4,No,3,-0.24058974560671179,0.30706348634307573
478,73,Female,3,1300,West,8,3,No,6,-0.09385172556954768,0.36018510178919394
479,46,Female,3,1188,West,7,3,No,2,-0.18584499982749456,0.33547921736957964
480,19,Female,4,350,West,10,5,No,6,-0.41222986482536667,-0.40819965371736094
481,45,Female,3,900,West,10,5,Yes,6,-0.31657853267089087,-0.01600338993982992
482,53,Male,3,2000,East,7,4,No,1,0.3118563372047567,0.08671455532164957
483,80,Male,5,2000,East,6,3,No,1,0.2909612477488398,0.08804700302987256
484,35,Female,5,1900,East,8,3,No,6,0.26397068993444694,0.17165991670472944
485,73,Female,3,1500,East,9,4,No,3,0.03934311020169757,0.468680503947641
486,66,Male,3,823,East,8,4,No,3,-0.3350338481557503,-0.10929383770414192
487,47,Female,3,813,West,9,3,No,2,-0.3408687202016332,-0.12314551939171621
488,72,Female,3,1080,East,8,3,No,3,-0.23471068951374124,0.2142967541497564
489,28,Male,5,3000,East,8,5,No,6,0.4078110804161785,-0.32784497694571235
490,42,Male,4,5000,West,9,3,Yes,5,0.3403796999170294,-0.30812156399996865
491,50,Female,5,5000,West,9,4,No,6,0.3447281834961144,-0.3120926248759453
492,69,Male,2,2200,West,9,4,Yes,5,0.33969410568675834,-0.06455711380354268
493,64,Female,3,750,West,10,4,No,3,-0.41933966703185416,-0.23777475212197094
494,28,Male,5,3000,West,8,4,No,5,0.4099753880229276,-0.32979327968215183
495,49,Female,3,1200,West,10,4,No,2,-0.17163450053411575,0.3719729638967568
496,65,Male,4,8750,East,8,4,No,6,0.25608141977255294,-0.23253488469901068
497,45,Male,3,2875,East,8,4,No,6,0.43314911495819086,-0.3314736423443891
498,53,Male,3,2125,West,8,3,No,5,0.3700594307931753,-0.001511857612440302
499,77,Female,2,294,West,8,2,No,6,-0.3950509141497439,-0.39290372731479195
500,24,Female,4,600,West,8,4,Yes,1,-0.46473630579792663,-0.3843322621711341
501,64,Male,5,1900,East,10,5,No,6,0.2572739085358388,0.1688606678296767
502,66,Female,2,1400,West,9,4,No,6,-0.01304404137133453,0.4468968687621288
503,60,Male,2,2500,West,10,3,No,3,0.390386257496163,-0.20503158688655052
504,66,Male,2,720,East,9,3,No,1,-0.43617229069796276,-0.2633047576762352
505,32,Male,3,1438,East,8,4,No,9,0.013755991641700091,0.4410427156057875
506,54,Male,3,1500,East,6,3,Yes,2,0.04762338941706169,0.5376406119223355
507,62,Female,2,950,West,5,1,No,2,-0.27050293637217543,0.06952415089996575
508,20,Male,3,1400,West,8,4,No,6,-0.01040556796242833,0.37557003130248984
509,46,Female,5,3300,West,9,5,Yes,6,0.5312423970514639,-0.45684845331970914
510,53,Female,4,1200,East,7,3,No,3,-0.1698531378989724,0.3685051511788732
511,75,Female,2,900,West,8,4,No,6,-0.31738866583700415,-0.018341649093099162
512,76,Male,2,1350,West,8,2,No,3,-0.05035576767502327,0.37326284849826546
513,64,Male,2,1185,West,9,3,No,5,-0.18710246783947695,0.3364559373027621
514,73,Female,3,2500,West,8,3,No,5,0.3739338959252647,-0.1925120675175081
515,40,Male,5,1900,East,7,4,No,3,0.2593642563175826,0.1712697829366299
516,23,Male,5,3000,West,10,5,No,6,0.4036830705247948,-0.3246734883288666
517,67,Male,2,1438,West,9,4,No,6,0.013755991641700023,0.44104271560578745
518,40,Female,3,1400,East,6,2,No,1,-0.013525182280350392,0.45342889885972404
519,50,Male,3,1600,East,7,4,No,5,0.08549788317971727,0.4779591210279483
520,53,Male,3,800,East,7,2,No,6,-0.3957720333445392,-0.1676142965164276
521,46,Female,5,1600,West,10,5,No,6,0.08729099262799743,0.48099696385641894
522,50,Female,3,820,East,6,2,No,5,-0.33204990578990007,-0.1151500814876898
523,68,Male,5,2100,West,8,2,No,2,0.3264109948274538,0.02058567277201977
524,55,Female,3,1350,West,6,5,No,9,-0.04720789464994064,0.374688924824971
525,54,Female,2,1438,West,7,4,No,6,0.013755991641699888,0.4410427156057872
526,31,Female,3,2000,West,8,5,Yes,2,0.294498221887571,0.0869803571136574
527,40,Male,3,1700,West,9,3,No,6,0.1254162202059284,0.3410926862258942
528,48,Female,5,1500,West,7,4,No,6,0.048439688007196814,0.53316494589792
529,23,Male,5,400,East,8,5,Yes,2,-0.4314030368859636,-0.4247897924448538
530,57,Female,2,780,West,8,2,No,3,-0.4041392983835876,-0.21268410150098158
531,66,Male,5,1600,West,8,4,No,3,0.08419749173995254,0.4400643792399271
532,76,Female,2,1200,West,8,4,No,6,-0.1584740591945498,0.34200334310370767
533,67,Female,2,2125,West,10,3,No,3,0.3662650745047083,0.0004803989570145232
534,51,Female,3,896,East,7,1,No,2,-0.3064555345905952,-0.033608424444706284
535,76,Male,5,8000,West,9,4,No,3,0.25826075822369765,-0.2345400759791434
536,59,Female,4,1700,West,10,3,No,5,0.13000100854853303,0.36512603503840196
537,37,Male,3,3200,West,10,4,No,6,0.4890937635642916,-0.41605151479717545
538,79,Female,2,980,East,8,4,No,6,-0.2726525479956103,0.10393190030918505
539,74,Male,3,850,West,10,2,No,3,-0.32673378297943206,-0.07719617522894175
540,65,Male,5,8000,East,8,4,No,3,0.2582607582236977,-0.2345400759791433
541,60,Female,5,5500,West,10,5,No,2,0.31453253197602865,-0.2852043964212076
542,19,Female,5,700,West,7,5,Yes,1,-0.3829336753823504,-0.2594148669190033
543,63,Male,3,1500,East,8,2,No,6,0.04208600428586211,0.5046953804675558
544,75,Male,3,1700,West,8,4,No,6,0.1220554546397507,0.32360665028345553
545,72,Male,2,1050,West,10,2,No,6,-0.24842352709805943,0.20540804235456941
546,20,Male,2,440,East,7,4,No,9,-0.4438076697667668,-0.43430994651378113
547,64,Female,2,700,West,10,4,No,3,-0.4358886893779712,-0.28017078428230296
548,80,Female,5,1200,West,9,5,No,5,-0.15268108993446586,0.33028363438743485
549,32,Male,2,1300,East,3,4,Yes,1,-0.08845121271143763,0.3472699447905319
550,76,Male,3,820,West,4,4,No,6,-0.32615893016211084,-0.11155388692954933
551,75,Female,3,1500,East,9,4,No,1,0.038398277049824264,0.45800950518162525
552,59,Female,2,450,West,9,4,No,2,-0.45201756737077614,-0.44042043661199654
553,46,Female,5,2500,East,9,4,No,9,0.3824517901178694,-0.19969486917504486
554,62,Female,2,1200,West,10,4,No,3,-0.16334370051896685,0.36549115554644707
555,63,Male,2,2000,West,7,3,No,9,0.3018097419412566,0.08480897197158438
556,36,Female,2,1500,West,7,3,Yes,2,0.04059156047951733,0.4625275202711608
557,21,Male,5,700,West,7,5,Yes,2,-0.3866411327267195,-0.2610362561797119
558,37,Female,5,1500,West,9,3,No,5,0.041319881415016906,0.4897837037479848
559,76,Female,3,800,West,10,4,No,6,-0.36620674343670123,-0.14905870769667978
560,51,Female,5,800,West,7,4,No,2,-0.396148465513024,-0.16889387875091924
561,26,Female,5,1620,West,9,4,No,2,0.10498904800788136,0.3995990944721947
562,88,Male,5,3000,West,10,5,No,9,0.41244720459998985,-0.33284584028054814
563,47,Female,3,758,West,5,2,No,6,-0.4033368091745212,-0.22113307115704942
564,70,Male,2,2100,West,8,3,No,6,0.32092877013346055,0.02284935201167508
565,48,Male,5,6250,West,5,2,No,5,0.2821816738224681,-0.2564018888411793
566,66,Female,2,720,East,2,2,No,9,-0.4379157563617581,-0.2637443322556289
567,20,Male,5,500,West,10,5,No,3,-0.48576481969156066,-0.46177894178721274
568,64,Male,3,1400,West,5,5,No,5,-0.012634710490802128,0.4515624877936793
569,40,Male,3,1700,East,3,4,No,9,0.12541622020592855,0.3410926862258943
570,35,Female,3,1250,West,9,4,No,6,-0.13745919079084584,0.3688185096915099
571,59,Female,3,2000,East,9,5,No,6,0.30917526019282005,0.08572558811495527
572,36,Male,4,3500,West,8,5,No,5,0.4597016826989149,-0.40415205720492553
573,46,Male,5,1800,East,8,3,Yes,1,0.1695202975338551,0.23884423533430096
574,34,Male,3,1600,East,7,4,No,9,0.08012965086164113,0.41240555623601755
575,76,Female,3,750,West,9,3,No,1,-0.4148268251939591,-0.23322054879831172
576,78,Male,2,1220,East,7,2,No,1,-0.14325076524814503,0.36543549642060547
577,53,Male,4,1500,East,9,4,No,9,0.046652133151210556,0.531413041726073
578,25,Female,5,2150,West,6,3,No,3,0.33870183976359486,-0.047763490192711124
579,62,Female,5,2600,West,10,3,Yes,5,0.3992256568923231,-0.24047023582308924
580,34,Male,2,1188,West,10,3,Yes,3,-0.1825873385531888,0.3314044111077712
581,72,Male,5,3000,West,7,4,No,6,0.4313840405828246,-0.3484204346748961
582,76,Male,2,1300,East,10,1,No,3,-0.09216942651999314,0.35427781953511117
583,48,Male,5,3000,West,7,3,No,3,0.44968154406206395,-0.36755488507856027
584,18,Male,5,400,West,9,3,No,6,-0.429229199744149,-0.4227693851546888
585,36,Female,5,1600,West,8,5,Yes,3,0.08343951916508785,0.43155501902695914
586,68,Female,3,890,West,10,4,Yes,6,-0.30827182775777723,-0.039185039140134235
587,40,Male,2,460,East,3,2,No,1,-0.4706229005840291,-0.45471476942470046
588,42,Male,3,2500,West,8,3,No,2,0.38255675215423773,-0.19998233355636832
589,71,Female,3,300,West,8,3,Yes,5,-0.39719307556522704,-0.39479375800722555
590,53,Female,3,1400,East,10,4,No,3,-0.00965873811367934,0.4934324582855383
591,43,Female,3,1600,West,8,4,No,11,0.08200431346526108,0.44357275062875107
592,52,Female,3,1200,West,8,4,No,2,-0.16662749014910214,0.3643967009164475
593,41,Female,3,700,West,7,4,No,3,-0.42983074110343766,-0.2758270326886078
594,55,Male,5,4500,West,9,4,No,2,0.3551007313476042,-0.3201616782641994
595,32,Female,3,765,West,9,5,No,3,-0.40261444847703165,-0.2185985821243181
596,60,Female,3,400,East,7,3,No,6,-0.43138276700878786,-0.4247072809286986
597,51,Male,3,1625,West,8,3,No,3,0.10557601746321509,0.3987394891956687
598,76,Female,2,1300,West,10,3,Yes,5,-0.09216942651999341,0.35427781953511134
599,66,Female,3,1000,East,9,1,No,6,-0.2748267841866865,0.14908262871953856
600,46,Female,3,938,East,5,2,No,1,-0.2729301308979191,0.043709594992481726
601,24,Male,3,1100,East,7,4,No,1,-0.19733374830494474,0.24958561745219085
602,50,Female,3,450,West,8,4,No,6,-0.44568245106115567,-0.4351133638444607
603,51,Female,5,3500,West,7,3,Yes,2,0.47454382897001485,-0.4166468428821975
604,28,Female,5,450,West,9,5,Yes,2,-0.45002198715465164,-0.43912536748705205
605,54,Female,5,1000,West,5,2,No,1,-0.2663476345065026,0.1460020575416534
606,76,Male,2,1000,East,9,2,No,5,-0.2596674195316939,0.14283732073424446
607,46,Male,5,3500,East,8,5,No,6,0.4723758667601654,-0.4146860554926303
608,63,Male,4,2000,West,9,3,No,2,0.30368160296793045,0.08764634920234717
609,76,Male,2,1200,East,6,3,No,1,-0.1584790895213352,0.3419960894909761
610,72,Male,2,3300,West,8,1,No,3,0.5291990074553476,-0.4553437793909241
611,65,Male,2,1650,West,7,3,No,3,0.11491253319349831,0.3870515774430221
612,51,Male,3,1100,East,8,4,No,9,-0.2520810945553076,0.32547317969613077
613,71,Female,2,1400,East,8,3,No,9,-0.014045754164279112,0.43523403656914583
614,62,Female,3,688,East,6,4,No,1,-0.3870996010420437,-0.26899684209187036
615,72,Male,3,4200,West,8,3,No,6,0.3590281181281131,-0.32256547766549076
616,42,Male,2,200,West,7,2,No,9,-0.32860892149952053,-0.32726320447434254
617,44,Male,2,1800,West,8,4,No,3,0.1684888075777096,0.2406392869855802
618,32,Female,5,4800,West,10,4,No,6,0.34905866903610344,-0.3159969293945874
619,62,Female,5,600,East,7,2,No,6,-0.455618869896317,-0.3745459830133435
620,52,Female,2,710,East,5,2,No,1,-0.43043685909259416,-0.2660632958117812
621,67,Female,2,1000,West,10,5,Yes,2,-0.2748446682644017,0.1490511736219913
622,53,Female,4,900,West,6,4,No,2,-0.3333419788572964,-0.008917199762134459
623,76,Female,2,1800,East,7,2,No,6,0.1660684147489577,0.24794621747129003
624,75,Male,3,950,East,5,3,No,3,-0.27540950897028543,0.07375030955027646
625,73,Male,2,1400,East,8,4,No,6,-0.014844730027155943,0.4259127127688697
626,71,Male,2,1625,West,5,3,No,3,0.10481507273010604,0.3995695720159091
627,26,Female,5,450,West,9,3,No,6,-0.4479228172132449,-0.43740661629139854
628,50,Male,3,3000,West,9,5,No,3,0.466820733902001,-0.3825282863352446
629,52,Female,3,1234,East,9,4,No,3,-0.13814181702338701,0.3656681476959999
630,20,Female,5,1100,West,9,4,Yes,1,-0.19602052361449301,0.24875538307987916
631,38,Female,5,3225,West,8,4,No,2,0.4874509949688386,-0.4160002649018067
632,74,Female,2,1100,West,10,4,No,2,-0.2234986510671973,0.2792520989820973
633,38,Female,3,450,West,9,4,Yes,3,-0.44990433054035933,-0.43864575546599305
634,67,Female,5,2000,East,8,4,No,2,0.30576481039118136,0.09359563929457299
635,44,Female,3,1100,West,10,4,No,2,-0.22974496468298927,0.2980053480718217
636,70,Male,2,1100,East,5,3,No,9,-0.23216628934546785,0.2893944661295193
637,63,Male,2,1200,West,6,4,No,6,-0.1633509775820622,0.3654726142187384
638,43,Male,5,4200,West,8,4,No,3,0.3590638976177076,-0.3226975232185205
639,32,Male,4,8750,West,10,5,Yes,6,0.25608065519666173,-0.23253200119117193
640,59,Male,3,1500,East,7,2,Yes,9,0.047211426614438654,0.5376129285138189
641,82,Female,1,1200,East,6,2,No,6,-0.15268108993446547,0.3302836343874346
642,85,Female,3,2000,West,5,2,No,3,0.2728235486101866,0.07820814964298149
643,78,Female,3,680,West,10,3,No,6,-0.38799658799270254,-0.2723797508426222
644,88,Female,2,1000,East,8,3,No,6,-0.24275042603962008,0.13692357226372534
645,69,Male,2,1100,West,10,3,No,6,-0.23142885659817194,0.2907849009869513
646,47,Male,5,2200,East,9,5,No,9,0.34469201339719535,-0.06529412533904307
647,65,Female,2,795,West,10,3,No,6,-0.40139469921284887,-0.19231871517623625
648,33,Male,3,1063,East,8,4,No,6,-0.24790840937686962,0.20660703163300684
649,39,Male,5,2300,East,8,4,No,2,0.3352403368812868,-0.11794667626383937
650,59,Female,3,2125,West,8,3,No,3,0.3643777010453481,0.001434341623897546
651,73,Female,3,2000,West,10,3,No,2,0.295081806486926,0.08947132889742015
652,45,Male,2,1500,East,6,4,Yes,2,0.046566376352820855,0.5206071344713991
653,78,Female,2,4500,West,9,2,Yes,1,0.3548970033769101,-0.31940497550783653
654,47,Male,5,2125,West,8,3,No,3,0.37195678375092944,-0.0024984001047237605
655,25,Male,3,2000,West,9,4,No,9,0.2760114325762006,0.07492322860536489
656,41,Male,5,4500,West,9,4,No,5,0.35500691626234687,-0.31981308225250843
657,82,Male,2,1500,West,10,3,No,2,0.036228786036758026,0.438174220501872
658,64,Female,3,1100,West,9,3,No,3,-0.24449004181337175,0.30591243889341346
659,33,Female,3,1050,East,9,2,No,11,-0.24894797384445183,0.20418044619152798
660,53,Female,3,450,East,8,3,No,2,-0.44990705054104535,-0.4386561703373421
661,59,Male,5,2125,West,9,4,No,3,0.36624745967494077,0.0005344929059633628
662,65,Female,3,1100,East,8,4,No,3,-0.24164513812087957,0.3012251635498255
663,72,Female,2,880,East,5,3,No,3,-0.3085968604893444,-0.045140989465358584
664,89,Male,4,1800,East,7,1,Yes,3,0.15418140408378592,0.2297372462526475
665,76,Female,1,500,East,9,4,No,3,-0.48180762161612256,-0.4593156166012854
666,26,Female,5,1200,West,10,5,Yes,6,-0.15444637769324368,0.3257034094423316
667,36,Male,3,1400,East,5,3,No,6,-0.009613904297768497,0.42553200549499554
668,40,Female,4,1700,West,9,3,No,5,0.1254162202059284,0.341092686225894
669,79,Male,2,1600,West,5,4,No,6,0.07594313482886497,0.4012147724392372
670,38,Male,2,2300,West,10,2,Yes,2,0.33365506971033154,-0.11792924803627501
671,20,Female,5,1750,West,10,4,Yes,2,0.13044663681775975,0.2526236651000344
672,28,Female,4,2150,West,9,5,No,3,0.338701839763595,-0.0477634901927113
673,21,Female,5,660,West,9,4,No,2,-0.38419102612427836,-0.2766315998575605
674,28,Female,5,1500,East,7,4,No,1,0.039076348771161305,0.4445792457932898
675,52,Male,5,3800,East,7,4,Yes,1,0.43162587415387704,-0.38511772926443366
676,51,Female,3,1500,West,10,4,No,2,0.047724388123782775,0.5311994867408482
677,33,Female,3,770,West,8,4,No,6,-0.40186612465274435,-0.2159764883223845
678,75,Female,2,1625,West,10,3,No,2,0.10481507273010597,0.39956957201590815
679,56,Female,5,1625,East,8,4,No,5,0.10554793452030663,0.3987286290266091
680,48,Female,3,813,West,8,4,No,6,-0.34086872020163306,-0.12314551939171614
681,60,Female,5,2125,West,8,5,No,6,0.3605782857167995,0.0034364643601921497
682,57,Male,3,1400,East,8,4,No,9,-0.010501325127971438,0.48404601478748954
683,74,Male,2,1150,East,8,5,No,1,-0.21077695921133452,0.350040484137922
684,67,Female,5,813,East,7,4,No,6,-0.3398034739670346,-0.12490334706971806
685,58,Female,4,2000,West,3,3,No,6,0.3038537593848562,0.0837097038535075
686,69,Male,3,850,East,5,2,No,6,-0.3286702410941292,-0.07829561864316587
687,57,Male,3,2000,East,9,3,No,5,0.3138766340656459,0.08928289666461477
688,56,Female,5,500,West,9,4,No,2,-0.4859535320522943,-0.46254254740988754
689,27,Male,3,2300,East,9,5,Yes,6,0.3330921419377746,-0.11616567337486773
690,27,Female,5,400,East,7,2,No,2,-0.42922919974414847,-0.4227693851546891
691,67,Female,3,1650,East,9,4,No,1,0.11457879460641208,0.38479867174969584
692,35,Female,2,2000,West,10,4,No,6,0.2996834308808177,0.08607455060233644
693,79,Female,2,630,East,7,3,No,6,-0.396633374033629,-0.30564107425122317
694,49,Male,5,4000,West,8,4,No,2,0.41506968009286455,-0.37235489441130315
695,61,Female,3,500,East,8,2,No,6,-0.4838836875371067,-0.46094131586730397
696,42,Female,3,800,West,5,3,No,6,-0.3895903541451788,-0.17391302102526468
697,41,Male,3,2375,West,8,4,No,5,0.3299941768257424,-0.13133898197107644
698,34,Male,5,100,West,7,2,Yes,5,-0.2796904492146308,-0.27832425961047724
699,63,Male,2,1650,West,7,3,No,3,0.11567647701174179,0.3860842695831995
700,47,Female,5,3500,West,9,5,No,6,0.47448978002357806,-0.41644744951532764
701,60,Female,5,4500,East,9,4,Yes,2,0.35508704549704956,-0.3201112593135047
702,32,Female,5,3300,West,9,4,Yes,2,0.5117622110028629,-0.4392942550562883
703,18,Female,5,65,West,9,5,No,1,-0.2796904492146305,-0.2783242596104774
704,45,Male,5,5500,West,8,4,Yes,3,0.31236018814760214,-0.2832255837105397
705,67,Male,5,860,East,6,3,Yes,9,-0.3212419293766867,-0.0698274638521356
706,22,Female,5,400,West,7,5,No,3,-0.4292291997441489,-0.42276938515468837
707,33,Male,5,3000,West,9,4,No,3,0.42104135067834353,-0.34042581112379355
708,41,Female,4,1313,West,9,5,No,6,-0.0716641329108239,0.363131654484969
709,65,Male,5,660,East,3,2,No,9,-0.3879845456946821,-0.27856220866776543
710,57,Male,3,7000,West,10,4,No,9,0.26697457405631286,-0.24254738107981783
711,84,Male,4,1100,West,9,2,Yes,3,-0.20686948677496772,0.25379169076948255
712,58,Male,2,2000,West,8,4,No,3,0.3127647716068792,0.08818726161303048
713,29,Male,3,1100,East,7,4,No,9,-0.20457434541102215,0.2590581397947316
714,69,Female,5,2650,West,10,5,No,3,0.4277386532964288,-0.27811997931643256
715,66,Male,3,563,East,7,3,No,9,-0.47990297904287826,-0.43144156916219356
716,57,Male,3,3500,West,8,4,No,6,0.48081843398156726,-0.4216833477232531
717,35,Male,4,1000,West,9,4,No,1,-0.24410642717187042,0.14995699446379088
718,80,Male,2,1200,West,5,4,Yes,6,-0.15375796109077813,0.3316526507258514
719,54,Female,2,1100,West,5,2,No,9,-0.25589615294454854,0.33153530512198415
720,83,Female,2,1400,West,8,1,No,3,-0.011221334065842505,0.3865890779080824
721,70,Male,3,615,East,6,2,No,1,-0.4249694759234714,-0.3388061133918427
722,59,Male,2,1900,West,8,3,No,9,0.25419095883670934,0.1686362373297736
723,51,Male,5,1900,West,5,4,Yes,1,0.2627085375049164,0.16767058491995057
724,29,Female,5,1300,East,9,5,No,9,-0.08421386623909488,0.3313598237405583
725,69,Male,4,1500,West,9,5,No,3,0.04006967676024605,0.4754240719130989
726,64,Female,2,1009,West,10,5,No,6,-0.25476682527928973,0.19757539152191622
727,58,Male,3,3400,West,9,2,No,5,0.5056786455145487,-0.4409585445742825
728,46,Female,3,800,West,9,4,No,5,-0.40139285650423495,-0.17582423796019228
729,34,Female,5,2125,East,8,4,No,3,0.33674141837454136,-0.009468906574773946
730,48,Female,3,1188,East,9,4,No,9,-0.18704727662868778,0.33659390765215635
731,57,Male,5,6000,West,9,2,Yes,5,0.2952301873795284,-0.2683288125114088
732,70,Female,3,1800,West,8,4,No,6,0.16823489049723828,0.25012269840218
733,58,Female,5,3500,West,8,5,No,2,0.4808184339815675,-0.4216833477232526
734,67,Female,2,450,West,10,4,No,2,-0.44779063240312006,-0.43686824983924305
735,33,Female,3,1200,West,10,5,No,3,-0.15818549503426513,0.33465686936671074
736,30,Male,3,2200,West,5,4,Yes,9,0.34746295395478477,-0.06883475856952231
737,60,Male,3,1188,East,6,3,Yes,6,-0.18710246783947668,0.33645593730276196
738,44,Female,5,700,West,6,4,No,2,-0.431990383749691,-0.27778975624634733
739,47,Female,5,2000,West,9,4,Yes,6,0.3039691411562225,0.08700012175723675
740,44,Female,2,1100,West,10,2,No,9,-0.22770396251054628,0.2953153188745277
741,20,Male,3,680,East,8,5,No,6,-0.3881041110032565,-0.2727466656644285
742,25,Male,5,1000,West,8,4,No,9,-0.23707771634841074,0.14743578204483615
743,23,Male,5,2050,West,9,5,No,5,0.28743816295812363,0.045790417010842945
744,32,Male,5,2450,West,8,4,Yes,3,0.3600253207611057,-0.17271495534458606
745,51,Female,3,1700,East,8,4,No,5,0.13109445839863293,0.36625552061901917
746,62,Female,4,2750,West,8,4,No,2,0.3999386770735807,-0.28236533209609443
747,68,Male,2,780,West,9,2,No,6,-0.40170182396838594,-0.2098155492519057
748,57,Female,5,2125,West,9,5,No,2,0.36434951704017143,0.0015290970405606368
749,47,Female,3,1260,West,8,4,No,9,-0.13645744501688478,0.3697192112114987
750,63,Female,3,1875,East,9,4,No,6,0.25128230746995056,0.1746129177248737
751,65,Female,3,900,East,6,3,No,1,-0.32541481088636953,-0.013763139504642696
752,52,Female,2,1900,West,8,5,No,2,0.2627085375049167,0.1676705849199503
753,66,Female,3,813,East,9,4,No,6,-0.3398034739670353,-0.12490334706971819
754,50,Female,3,400,West,4,3,No,2,-0.4292177895284586,-0.4227227207388865
755,52,Male,5,3500,West,7,4,No,6,0.4766523218168012,-0.41838823601362846
756,38,Female,2,450,West,8,5,No,1,-0.44778883814889553,-0.436861330917763
757,61,Female,4,1500,West,5,3,Yes,2,0.041582982839020455,0.5048336033700793
758,40,Male,3,2500,West,10,5,No,3,0.3762294475441293,-0.19475079081278485
759,66,Male,2,1400,West,10,2,No,6,-0.013044041371334806,0.44689686876212864
760,54,Male,3,1000,East,3,2,No,3,-0.2625155277052345,0.1434919838472939
761,54,Male,4,4500,West,8,1,Yes,9,0.355100514084611,-0.32016074276452133
762,74,Male,2,4000,West,9,3,Yes,3,0.4105140345426235,-0.36761556331686107
763,29,Male,5,2400,West,9,5,No,3,0.32404761153377076,-0.13787831437027875
764,24,Male,5,1000,West,8,4,Yes,2,-0.23765831147841035,0.1459002848994797
765,44,Female,3,2300,East,8,4,No,1,0.3320581052795987,-0.11788018228687472
766,44,Female,3,1250,East,8,3,No,1,-0.137459870566859,0.3688140419009931
767,64,Male,5,1100,East,9,4,Yes,9,-0.24229287461256055,0.30346261181440487
768,49,Male,3,3000,West,8,3,No,5,0.4646560265829607,-0.3805779519806876
769,63,Female,3,1400,East,9,2,No,6,-0.01181894922798017,0.4609036029431496
770,49,Male,3,2500,West,7,5,No,6,0.38661158842384824,-0.2030710286602985
771,76,Male,4,4500,West,8,5,Yes,6,0.35489700337691016,-0.31940497550783675
772,64,Female,5,50,East,10,5,Yes,3,-0.2774622544940045,-0.2760805617197645
773,74,Female,2,580,East,6,4,No,3,-0.4685625906165878,-0.4061152112576723
774,26,Female,1,399,West,4,2,No,3,-0.429229199744149,-0.4227693851546889
775,34,Female,4,1100,West,8,3,Yes,3,-0.22113220681169377,0.2879452682578913
776,51,Male,3,850,East,3,3,No,6,-0.3311570540387237,-0.08116482306112201
777,91,Female,2,1200,West,6,4,No,3,-0.1486311475104756,0.3191772524090094
778,55,Female,4,800,West,8,5,No,5,-0.39372157719026696,-0.16608818323671845
779,76,Female,5,30,West,10,5,Yes,6,-0.2596323041175847,-0.25811265987239884
780,66,Female,2,850,West,9,3,No,3,-0.3311513992387018,-0.08114496202268257
781,36,Female,2,1625,West,9,4,No,3,0.1062477890382769,0.3981460280852996
782,54,Female,3,714,West,3,3,No,2,-0.428016421745209,-0.26315089228351374
783,54,Female,2,563,East,1,1,No,9,-0.47766907008806214,-0.42917588929100736
784,54,Female,3,1800,West,6,3,No,3,0.1702524488476373,0.2465241108902542
785,25,Male,3,2100,West,8,2,No,3,0.3077909729387431,0.02897573365504402
786,40,Male,5,3200,West,9,4,No,4,0.4890937635642917,-0.41605151479717567
787,67,Male,3,8750,West,9,3,No,2,0.2560814197725527,-0.23253488469901037
788,48,Female,5,450,West,8,5,Yes,6,-0.44781235211945297,-0.4369558238616109
789,36,Female,2,450,West,10,5,No,2,-0.44777443864818195,-0.4368033332272777
790,75,Male,3,2200,West,8,1,No,6,0.34164748692759705,-0.06574295104603871
791,37,Female,5,1700,West,9,5,No,2,0.12502036313741052,0.33888543045459535
792,34,Female,3,1800,West,8,2,No,9,0.16555131748243077,0.24586026652992468
793,65,Male,5,4500,West,9,4,Yes,2,0.35499187822126155,-0.3197577531859719
794,46,Female,5,4500,West,9,5,No,6,0.35502660410430587,-0.319885693479779
795,70,Female,5,150,West,8,3,No,2,-0.2974945446230844,-0.29618462345478497
796,73,Male,2,1063,East,5,4,No,9,-0.24486474669502317,0.206105807602964
797,37,Male,5,2300,West,9,5,Yes,2,0.33674344845512905,-0.11771756931136876
798,25,Female,5,1500,West,7,5,No,3,0.03877769895130217,0.43774620706445005
799,52,Male,5,7300,West,9,4,No,3,0.2647956933335406,-0.24054396380017387
800,63,Female,3,1875,West,8,5,No,2,0.25128230746995023,0.17461291772487378
801,61,Male,2,2375,West,8,5,No,1,0.3304416609058174,-0.13276321513455197
802,33,Female,5,2300,West,9,5,No,5,0.3408995384134772,-0.11589384314823062
803,64,Male,2,1700,West,8,4,No,3,0.12363528779966254,0.3324329330407693
804,69,Male,2,1600,West,9,3,No,3,0.0833688796042957,0.4307445735359176
805,43,Female,5,2875,East,9,4,Yes,3,0.42337008096133977,-0.3254706914676315
806,37,Male,3,1100,West,8,4,Yes,3,-0.22705947896203155,0.2898742567391723
807,59,Female,3,1600,West,10,5,No,3,0.0856944681594469,0.4515940288126639
808,24,Female,4,1800,West,9,4,No,3,0.16166011692250268,0.24068744137810777
809,39,Male,5,1200,West,7,4,No,1,-0.1702872454123641,0.3657384615771138
810,61,Male,2,2500,West,9,2,No,3,0.3903862574961636,-0.20503158688655068
811,23,Male,5,500,West,7,3,No,2,-0.4960609643941976,-0.46957530541585357
812,64,Male,5,9500,West,8,4,No,5,0.23863964377918614,-0.2164664631277526
813,42,Male,5,6000,West,8,4,No,5,0.2908796507236398,-0.2643492741187062
814,53,Male,3,750,West,5,1,Yes,9,-0.4130237957388667,-0.23254065741243138
815,38,Male,3,1600,East,7,4,No,5,0.0840447702111182,0.4385438927902554
816,22,Male,5,440,East,7,5,No,4,-0.4438076697667671,-0.4343099465137813
817,77,Female,2,1400,East,6,3,No,3,-0.011637020469475543,0.4067470470456886
818,87,Male,2,700,West,5,1,No,6,-0.39759859944682624,-0.2593712557730751
819,83,Female,5,800,West,8,3,Yes,2,-0.35304941803265777,-0.1425977976316443
820,71,Male,2,950,East,6,5,No,9,-0.2717041468652,0.07064420126067118
821,46,Male,3,2000,East,8,3,No,2,0.3066608970087625,0.08792924808417346
822,57,Male,5,6000,West,9,4,No,6,0.2974050041334401,-0.270316876411856
823,69,Female,3,1400,East,5,1,No,3,-0.01384611100993995,0.43756583803106575
824,48,Male,3,1200,West,8,3,No,6,-0.17619928131507218,0.3797494857868025
825,35,Male,4,2100,East,8,4,No,9,0.31908937131916604,0.023655733631437907
826,57,Female,5,1500,West,7,2,No,2,0.04707166683571327,0.5376620681521724
827,65,Male,3,528,East,8,3,No,6,-0.5090100337732641,-0.47457967887198066
828,52,Male,5,4800,West,10,5,No,3,0.3490693650152002,-0.3160363529173357
829,35,Female,2,938,East,8,4,No,3,-0.27235477403650854,0.045404571539012555
830,55,Female,3,2500,East,9,5,No,3,0.40044835283626873,-0.2121739450484706
831,63,Female,2,1300,West,9,4,No,6,-0.10265892327934328,0.4012808165607465
832,22,Male,3,500,West,10,5,Yes,2,-0.4898975667439034,-0.46495384375151294
833,56,Female,5,2500,West,10,4,No,3,0.3962269452975191,-0.20867594580275797
834,40,Male,3,2700,East,9,5,No,2,0.40033536531560704,-0.2780662287695237
835,73,Male,3,860,East,5,2,No,3,-0.3212385192338188,-0.06981629546584536
836,65,Female,3,1000,West,9,4,No,3,-0.27155766262717224,0.1450393001011437
837,50,Female,5,3100,West,8,3,No,3,0.4925960404800353,-0.4169382756752181
838,36,Male,3,1680,East,8,3,No,9,0.12862641420249957,0.367134486353398
839,54,Male,3,2700,East,8,4,No,3,0.4021731298329967,-0.2788571192341913
840,69,Male,3,3500,West,9,3,No,6,0.46814024095092693,-0.41113461756126174
841,60,Female,5,1200,West,8,4,Yes,2,-0.1664894073824207,0.3697552718572762
842,22,Male,5,450,West,6,3,No,3,-0.4479212521009826,-0.4374002339457313
843,46,Male,3,1000,East,8,4,No,9,-0.2698954991139158,0.1619692695167307
844,45,Male,3,1200,East,7,3,No,5,-0.17376547373736892,0.37482052163688007
845,28,Female,5,1600,West,6,3,No,1,0.0799075732691102,0.39968954643569343
846,44,Female,2,450,East,5,4,No,9,-0.44354242750556944,-0.4332303001733378
847,72,Female,5,620,East,7,3,No,6,-0.39347062865540616,-0.3062339277357769
848,69,Female,2,650,West,5,2,No,6,-0.3950123507415001,-0.2929432355844178
849,38,Male,2,3000,West,10,4,Yes,2,0.433892654763749,-0.3516336217756403
850,52,Male,2,1300,West,3,4,No,6,-0.1109931298563008,0.4214848254544814
851,27,Female,5,400,West,7,5,Yes,3,-0.42922919974414875,-0.4227693851546886
852,59,Male,3,2375,West,9,3,No,6,0.32999865713222865,-0.13135321986394935
853,33,Male,5,600,West,7,5,Yes,6,-0.473665974520227,-0.3933523593925586
854,47,Male,2,2700,West,8,3,No,6,0.40402017545619767,-0.27967883278591865
855,45,Female,5,1800,West,6,4,No,2,0.16951496975347816,0.23885699555421316
856,53,Male,4,4000,West,7,4,No,6,0.41507231504247194,-0.37236455184338574
857,63,Male,3,1050,East,8,2,No,3,-0.24894797384445191,0.20418044619152786
858,82,Male,3,1600,West,8,3,Yes,9,0.0760828681749362,0.3933131841250882
859,50,Female,3,1100,West,7,4,No,2,-0.23945040875919366,0.30607615006028777
860,39,Female,5,1188,West,10,5,No,9,-0.18584724671545214,0.3354749952832503
861,34,Male,5,3200,West,8,4,Yes,2,0.48705776528430167,-0.4145733125008604
862,53,Female,3,350,East,6,2,Yes,6,-0.4276196486989548,-0.4230490719714739
863,70,Male,2,690,West,8,2,Yes,3,-0.3926653282317877,-0.2714423571811301
864,65,Male,3,880,East,5,3,No,9,-0.31301308241194864,-0.04901557848769462
865,66,Male,3,500,East,7,3,No,2,-0.4921055309945971,-0.4671206977356792
866,20,Male,3,450,West,9,4,No,1,-0.44579187314636115,-0.4355598533895786
867,76,Male,5,1600,East,10,5,No,3,0.07634849506151685,0.4058722902246633
868,28,Male,3,1000,East,7,4,No,9,-0.2386969856153699,0.14738602374509902
869,28,Female,5,6250,West,9,4,Yes,6,0.28218167382246834,-0.2564018888411794
870,45,Male,5,2000,West,7,3,No,1,0.30570617967103075,0.08654345853564313
871,27,Female,5,1400,East,8,4,No,2,-0.011577161161673134,0.38641952535398644
872,51,Male,2,720,West,2,1,No,9,-0.4292100675052788,-0.2615842416451755
873,68,Male,5,4500,West,9,5,Yes,6,0.35498171037375437,-0.3197201896508919
874,42,Male,5,400,West,8,4,Yes,1,-0.42922755244074545,-0.4227623584453871
875,37,Female,5,1500,East,9,4,Yes,3,0.041256396609797075,0.4715684137996046
876,43,Female,3,590,West,6,4,No,1,-0.4811626674534779,-0.4099035762899116
877,60,Female,3,800,East,8,4,No,1,-0.39687836032221746,-0.165931159902867
878,79,Female,3,2000,West,10,3,Yes,5,0.2957593026291003,0.09140161593160225
879,31,Male,2,1900,West,9,5,Yes,3,0.265473788672623,0.17187335336006182
880,52,Female,3,2200,West,9,4,No,2,0.3466468995116452,-0.06648504481245215
881,37,Female,5,1600,East,8,4,No,6,0.08477729551152668,0.43763707397072177
882,27,Male,1,750,East,8,4,Yes,3,-0.41747816580656005,-0.2368842975830709
883,65,Female,4,800,East,8,3,No,1,-0.400979774931273,-0.16898462511027465
884,62,Male,3,2875,West,7,3,No,2,0.42147158868592216,-0.32447716158192585
885,35,Male,4,1500,East,8,3,No,9,0.041026091955149585,0.46242415334879927
886,69,Male,3,1250,East,8,3,No,6,-0.13747249466387043,0.3687867532867862
887,42,Female,4,450,West,9,5,No,6,-0.4456723355216759,-0.435072788974575
888,56,Female,4,2070,East,7,3,No,6,0.2891966963155882,0.04124812808935405
889,53,Female,3,450,East,2,1,No,11,-0.44568245106115595,-0.43511336384446025
890,90,Male,4,3500,West,6,3,Yes,1,0.4575991521605583,-0.40243259912869084
891,75,Female,4,1063,East,5,2,No,9,-0.24486474669502323,0.20610580760296413
892,63,Male,3,1000,East,10,3,No,5,-0.26985066619342335,0.14102386256751087
893,73,Male,3,1625,East,8,3,No,9,0.10481507273010597,0.39956957201590826
894,53,Male,5,4500,West,8,4,Yes,5,0.3551015492435346,-0.32016472993595546
895,64,Female,2,1300,West,10,4,No,6,-0.10342435688448683,0.40076444021677976
896,48,Male,3,2500,East,8,4,No,6,0.3865630930117632,-0.202892045787816
897,70,Female,2,500,West,8,3,No,3,-0.48799778392342347,-0.4640432375104008
898,68,Female,2,400,West,9,4,No,5,-0.42920931031205206,-0.4226884126317895
899,28,Female,4,770,West,5,5,No,9,-0.401866124652745,-0.21597648832238456
900,62,Male,5,4005,West,9,4,Yes,2,0.4064334662552959,-0.3646424639354253
901,52,Male,3,2000,East,8,3,No,5,0.31450041589287786,0.08777050076461536
902,75,Male,3,970,East,6,3,No,1,-0.28238890566379227,0.09034605039779987
903,35,Male,2,2000,West,7,3,No,6,0.30156590292918534,0.08889519125528456
904,51,Male,5,4000,West,7,2,Yes,5,0.4150723150424716,-0.37236455184338546
905,80,Male,2,900,West,10,4,No,6,-0.30625170911713684,-0.013432232352508044
906,65,Female,2,2200,West,7,3,No,9,0.34011846648128646,-0.06580119672840216
907,34,Male,3,1875,West,8,3,No,3,0.23088198266254525,0.16961275432412448
908,26,Female,4,400,West,8,3,No,9,-0.4292291997441494,-0.42276938515468876
909,61,Male,3,7500,West,8,4,No,5,0.262618247825161,-0.23854594586056663
910,54,Male,3,2875,West,10,5,No,9,0.4198238376981605,-0.3243794283246959
911,43,Male,3,2375,West,8,4,No,6,0.33043471155190945,-0.13274089501875158
912,53,Female,5,2800,East,10,5,No,6,0.40725367727715556,-0.2911119967282435
913,64,Male,5,755,West,10,4,Yes,1,-0.41441628584791906,-0.23175134248885976
914,18,Male,3,480,West,9,5,No,6,-0.47174603555182404,-0.45247540746178294
915,49,Male,3,1700,West,8,3,No,9,0.12999195192712007,0.3651434724012442
916,63,Female,3,2875,West,9,5,No,6,0.4176612704569984,-0.3224380169754832
917,66,Female,3,688,West,9,5,No,2,-0.38893889917168484,-0.2697562079584972
918,65,Female,2,901,West,8,3,No,6,-0.33282203941702065,-0.007294903497620659
919,40,Male,4,1800,West,8,4,No,5,0.16653747549278577,0.24410300512794875
920,53,Male,2,2400,West,8,4,No,3,0.34786048487942484,-0.1482048272338998
921,27,Male,4,2000,East,8,3,No,1,0.28271502141945115,0.08135480313524923
922,52,Male,5,3000,West,9,4,Yes,3,0.47148663170116334,-0.3876252370993409
923,69,Male,2,970,West,6,3,No,3,-0.28238281952279964,0.09035356215153123
924,55,Female,3,1313,East,8,3,No,3,-0.07147841892535822,0.365591128526025
925,56,Female,3,600,West,9,4,Yes,2,-0.46033089395636606,-0.38003112409386824
926,39,Male,3,2000,West,10,5,Yes,6,0.30211781050388964,0.08402433142878414
927,73,Female,2,110,West,6,3,No,2,-0.29527029939612903,-0.2939573213804642
928,58,Female,3,700,East,7,4,No,1,-0.4380483589297179,-0.28213361679958987
929,19,Female,4,700,West,8,4,Yes,2,-0.3851045056555126,-0.26142317156986894
930,21,Male,5,300,West,8,5,Yes,2,-0.39719307556522804,-0.3947937580072251
931,56,Female,4,2600,West,8,3,No,3,0.4013662097901539,-0.24233197342565302
932,26,Male,4,2100,West,3,5,No,9,0.3136868875966073,0.0256637433195224
933,28,Female,5,600,West,7,4,No,3,-0.4713974207899603,-0.3909670640286584
934,75,Female,2,1200,East,5,3,No,6,-0.1604878201417647,0.34757671595363543
935,78,Male,5,1430,East,10,3,No,3,0.013353325430137097,0.4431880644927223
936,35,Female,3,1100,East,7,4,No,1,-0.220420785598021,0.2860240308975083
937,68,Male,3,800,East,7,4,No,3,-0.3990052628266876,-0.16775406371982238
938,58,Male,5,4200,West,9,3,No,6,0.3590685722588183,-0.3227149646641953
939,34,Male,3,2900,West,10,5,Yes,5,0.41791422310696,-0.32334472777975914
940,66,Male,3,1590,East,7,3,No,9,0.07633011100821697,0.4849433079542706
941,31,Male,3,2500,East,10,5,Yes,6,0.37526851052613,-0.19160493504333517
942,51,Male,3,2300,East,9,4,No,9,0.34271811084806086,-0.1215838788513097
943,51,Male,3,1438,East,8,4,No,3,0.01375599164169982,0.4410427156057875
944,20,Female,5,720,West,9,5,No,3,-0.4274665090679037,-0.2611443388012705
945,65,Female,5,900,East,9,4,No,1,-0.32356823335582496,-0.012958384583511215
946,50,Female,3,2400,East,8,4,No,5,0.3515958164622236,-0.15004132030635653
947,55,Male,2,2600,West,9,3,No,2,0.40308012395834647,-0.24274668333810934
948,49,Female,3,1100,East,8,4,No,2,-0.23432363545975696,0.2991867644037715
949,71,Male,3,2000,West,4,3,Yes,6,0.29933771011317317,0.09041851662774603
950,54,Female,5,1200,West,9,4,Yes,6,-0.1698607767495281,0.3685000437796513
951,45,Female,4,450,West,10,5,Yes,6,-0.4478123521194533,-0.4369558238616105
952,84,Male,5,1800,East,10,4,No,3,0.15979239927765296,0.2349503719015397
953,58,Female,3,1700,East,6,3,No,1,0.13000100854853266,0.365126035038402
954,47,Male,5,2375,East,7,3,No,2,0.3304312479505399,-0.13273193650748538
955,66,Female,5,488,East,5,4,Yes,2,-0.47990373655784696,-0.458385580411527
956,82,Male,2,1063,East,8,3,No,6,-0.2448647466950231,0.20610580760296385
957,37,Male,5,3500,West,10,5,No,6,0.4597016826989153,-0.40415205720492603
958,51,Male,2,1900,West,8,3,No,9,0.2604876246282539,0.168984564528485
959,58,Female,2,1500,West,4,2,No,5,0.046735531618827306,0.5377245448223676
960,82,Male,5,1500,East,8,3,No,3,0.03622878603675799,0.43817422050187216
961,86,Male,2,1500,West,9,3,No,3,0.0361728936072381,0.4337027234986071
962,81,Female,3,1100,West,9,4,Yes,3,-0.21617598311170055,0.266335373589489
963,58,Male,2,1650,West,8,3,No,3,0.11352912263932974,0.3887835377338076
964,64,Female,3,450,East,9,3,No,6,-0.44779242646457806,-0.43687542340591945
965,34,Male,3,1600,East,9,5,No,5,0.08333476522971853,0.4213534151049338
966,48,Male,5,4000,West,7,1,Yes,5,0.41506968009286455,-0.3723548944113026
967,49,Male,5,2000,West,7,4,No,2,0.30582033003627584,0.08637268857556364
968,51,Female,4,813,West,9,4,No,6,-0.34086281676897984,-0.12312443698029289
969,82,Male,3,2625,West,8,3,No,6,0.41565603904951814,-0.25838435680576005
970,66,Female,3,1000,East,9,5,No,6,-0.27482678418668666,0.14908262871953865
971,74,Male,2,1450,West,4,4,No,9,0.015271558920804833,0.44128058321074387
972,72,Male,2,760,West,5,3,No,9,-0.40466005269739247,-0.2201188698177523
973,24,Male,2,1800,West,7,4,Yes,1,0.1616459632813725,0.24071761513098175
974,54,Female,2,1100,West,10,3,No,3,-0.25874300467450245,0.3325748794251669
975,29,Female,5,650,East,8,5,No,1,-0.3867609183486019,-0.2865633609043853
976,61,Female,2,420,West,8,4,No,2,-0.4377884103497519,-0.43029616794158226
977,52,Female,4,1700,West,9,5,Yes,2,0.13109445839863348,0.36625552061901934
978,55,Female,3,1800,West,7,3,No,1,0.1718621292389099,0.24671642538967545
979,49,Male,2,2400,East,9,4,Yes,6,0.34821315521046603,-0.14937627699220854
980,52,Female,3,1300,East,7,4,No,3,-0.11099312985630067,0.42148482545448207
981,50,Female,5,2000,West,8,5,Yes,2,0.3065428706838456,0.08468231966937088
982,20,Male,5,688,West,7,4,No,5,-0.39090613235474503,-0.2709529396861341
983,82,Female,2,1500,West,10,3,No,6,0.03622878603675796,0.43817422050187177
984,75,Female,3,360,West,8,4,No,2,-0.42737892701683317,-0.4220680973876623
985,66,Female,5,650,West,10,5,No,2,-0.3946817057721702,-0.29168606707724354
986,80,Male,2,1625,West,10,2,Yes,6,0.10481507273010597,0.3995695720159086
987,48,Male,5,2200,East,7,4,Yes,1,0.34469149308061064,-0.06529490446952996
988,28,Female,5,1990,East,8,4,Yes,1,0.31584631308469696,0.1314791660716026
989,60,Male,5,620,East,7,3,No,2,-0.39741391150287947,-0.30868933359136025
990,37,Female,2,983,West,7,5,No,6,-0.26785297961784615,0.10833560949954525
991,49,Female,3,1400,West,9,4,No,6,-0.011007136055198744,0.4951257541411613
992,63,Female,3,820,West,10,3,No,6,-0.3300781638962709,-0.11392324086231749
993,52,Male,3,700,West,8,2,No,9,-0.43628139842015146,-0.2816170691386998
994,46,Female,2,450,West,10,5,No,9,-0.44568245106115634,-0.43511336384446025
995,35,Male,3,1063,East,10,4,No,11,-0.24638827287771722,0.2063519026906099
996,36,Male,5,2300,East,8,4,No,6,0.33827772311952675,-0.11758278423510526
997,60,Female,3,450,West,9,4,Yes,2,-0.4541275156423624,-0.44218238427656215
998,47,Male,4,4500,East,8,4,No,6,0.3551007697127016,-0.32016177126210493
999,68,Female,5,1000,West,9,2,Yes,6,-0.27433121948411127,0.14621843325742012
