,transmission,cylinder,car_size,year,mpg_city,mpg_highway,displacement,Emb_dim1,Emb_dim2
0,auto,few,small,1988,26.0,30.0,1.476,-0.2817019207779997,-0.3832639031165084
1,auto,medium,large,2006,16.0,23.0,3.8,0.4698466246683536,-0.007967963650260527
2,auto,medium,midsize,2002,16.0,19.0,2.5,0.28194523984123654,0.2808263997401511
3,lock-up,medium,large,1994,11.0,15.0,5.2152,-0.14825192854909108,0.4205242888094058
4,auto,medium,large,2003,14.0,15.0,3.9,0.3338898453889596,0.41681558068585217
5,manual,medium,large,1993,13.0,17.0,5.002,-0.2232538012059856,0.46918987157769276
6,auto,medium,large,1999,15.0,19.0,4.3,0.13886819882308551,0.32784002479923324
7,lock-up,few,midsize,1992,18.0,23.0,1.8368,-0.2858525629779765,-0.0675388132709731
8,lock-up,few,midsize,1987,19.0,29.0,2.4764,-0.35536686370411996,-0.3163879376048678
9,manual,few,small,1996,21.0,29.0,1.9024,-0.06502185283562029,-0.3811078788697737
10,auto,medium,midsize,2007,15.0,20.0,4.0,0.4736307474057674,0.304342275015833
11,auto,medium,large,1998,14.0,17.0,4.3,0.06904345901326835,0.40680322486671916
12,auto,medium,large,2008,11.0,17.0,3.3,0.33192385701549054,0.3173737653593614
13,manual,medium,large,1985,14.0,17.0,3.69,-0.3413392945838508,0.33841814553817184
14,auto,medium,midsize,2006,16.0,25.0,2.8,0.43848500711037286,-0.19119341692884348
15,auto,medium,midsize,2004,16.0,22.0,2.5,0.42025841030326566,0.04944009419396766
16,auto,few,midsize,2001,19.0,23.0,2.0,0.21504837058044668,-0.1944226346845527
17,manual,medium,large,2005,15.0,20.0,4.8,0.5133709204595934,0.37275911783448473
18,manual,few,small,1993,23.0,31.0,1.8368,-0.1972395265108397,-0.4274113309994115
19,auto,few,midsize,2006,21.0,27.0,2.4,0.3457974309069184,-0.35296388405476914
20,auto,medium,large,1999,15.0,22.0,3.8,0.12346320639940053,0.07005868375512228
21,lock-up,medium,large,1988,15.0,17.0,4.2968,-0.41199997622146384,0.4443214961623765
22,manual,medium,small,2007,13.0,19.0,4.2,0.47807873532820105,0.38864909674281584
23,auto,few,midsize,2004,19.0,26.0,2.5,0.45618478913407845,-0.4065523899948492
24,auto,medium,midsize,2008,14.0,20.0,4.0,0.43281995241976884,0.28549203451657723
25,manual,few,small,1990,19.0,30.0,2.4764,-0.27828242769832334,-0.3376949810521619
26,manual,medium,large,1992,11.0,16.0,5.74,-0.2385163279064413,0.4485715747544391
27,manual,medium,small,1996,17.0,23.0,2.9684,-0.048314868461819475,-0.050454024014032366
28,manual,few,midsize,1993,18.0,27.0,1.9844,-0.20839890456034987,-0.2664381208105608
29,auto,medium,large,2000,14.0,17.0,3.4,0.2052279998572849,0.40719384464859815
30,lock-up,medium,large,1991,11.0,15.0,5.2152,-0.269719904622865,0.4663242144273264
31,auto,few,small,2006,21.0,26.0,2.5,0.35914226607352445,-0.3396038715585024
32,auto,medium,midsize,2007,11.0,15.0,5.3,0.31758033676841274,0.32588244256751564
33,auto,few,midsize,2001,17.0,24.0,2.3,0.2593961980619614,-0.18524905297542854
34,auto,medium,midsize,2004,18.0,25.0,2.5,0.463311090594266,-0.3295938875959789
35,lock-up,medium,midsize,1985,16.0,23.0,3.7884,-0.3777851738343727,0.045412476977239866
36,manual,few,small,2001,21.0,26.0,1.8,0.21528035144539553,-0.33740343056060257
37,lock-up,medium,large,1995,13.0,17.0,6.478,-0.1031499842508706,0.4056627917395472
38,manual,medium,small,2005,17.0,25.0,2.5,0.47885853500543824,-0.2781948347731882
39,auto,few,midsize,1998,18.0,27.0,2.4,0.06313066103516507,-0.28868477274537463
40,lock-up,few,midsize,1988,23.0,26.0,1.6072,-0.3573248854269024,-0.35258940728904775
41,auto,medium,small,2006,18.0,25.0,3.0,0.47037664905960175,-0.2799596047163966
42,manual,medium,midsize,2004,14.0,19.0,4.3,0.5109905997751595,0.47277582746466246
43,manual,medium,small,1990,14.0,20.0,2.9684,-0.38767913957129196,0.33631673971552406
44,auto,medium,large,1985,16.0,17.0,4.2968,-0.33680583740645387,0.30365494781847757
45,lock-up,medium,large,1992,11.0,15.0,5.2152,-0.23072796264534184,0.4454101386395157
46,auto,medium,midsize,1999,18.0,26.0,3.1,0.13304381782536917,-0.25905351793084563
47,auto,few,small,2003,23.0,30.0,2.0,0.2081373291704953,-0.3613053207992842
48,lock-up,few,small,1986,23.0,30.0,1.5908,-0.31597275001020525,-0.3637798200165413
49,manual,few,midsize,1990,21.0,26.0,2.0008,-0.38787151730333325,-0.3611562540560119
50,auto,medium,large,2003,13.0,17.0,5.3,0.39428121572212266,0.4688601249765897
51,manual,few,large,2006,19.0,23.0,2.5,0.39749892302390355,-0.18209775665604092
52,manual,medium,large,1986,18.0,23.0,4.92,-0.3900535604754322,-0.0006771564249436279
53,auto,medium,small,2003,18.0,26.0,2.7,0.41064385631475525,-0.3570019303636143
54,auto,medium,large,2008,16.0,23.0,3.5,0.3958227929577381,0.006840465673779977
55,manual,few,small,2005,23.0,33.0,2.2,0.19602510987368527,-0.3320835597549574
56,lock-up,medium,large,1995,15.0,20.0,4.2968,-0.12275947588754453,0.3115471564706715
57,auto,medium,large,1986,13.0,14.0,3.69,-0.3017334941918692,0.37414639886783246
58,lock-up,few,small,1991,21.0,29.0,2.1976,-0.31611432994430116,-0.4505343091978377
59,lock-up,medium,small,1997,18.0,26.0,3.0012,0.01026380818591025,-0.2554081998941938
60,manual,few,small,1987,22.0,29.0,1.6072,-0.36476469939824335,-0.3980579564542379
61,manual,few,small,1989,18.0,26.0,2.4928,-0.4171574165992149,-0.23062439682010222
62,auto,few,small,2005,26.0,35.0,1.8,0.13864666329158837,-0.284802222860518
63,lock-up,medium,midsize,1986,15.0,23.0,5.002,-0.3520990906573159,0.08841853362247556
64,auto,few,small,2007,18.0,24.0,2.4,0.4374305765230024,-0.1994947313004777
65,auto,few,midsize,2005,18.0,26.0,2.0,0.4618793084130509,-0.3484732666300933
66,manual,medium,large,2005,14.0,19.0,4.2,0.525603002200202,0.45854145075061753
67,manual,few,small,1994,23.0,31.0,1.5908,-0.16396478949130996,-0.41864209640550987
68,lock-up,medium,large,1996,11.0,16.0,5.74,-0.05113306412877425,0.4049581241212472
69,lock-up,few,small,1996,21.0,29.0,1.9024,-0.06553529826913829,-0.3822531907267865
70,manual,few,small,1993,24.0,35.0,1.6072,-0.1471034685465992,-0.35736850377410234
71,manual,medium,small,2001,18.0,26.0,2.5,0.25671885669025307,-0.294561919962862
72,manual,medium,large,1992,11.0,16.0,5.74,-0.2367750199935307,0.446395495778362
73,manual,few,small,1985,32.0,38.0,1.3448,-0.16458760584143128,-0.25873412319174083
74,auto,medium,small,2002,15.0,22.0,4.0,0.28987779865098023,0.11379392072617299
75,auto,medium,large,2004,15.0,19.0,4.8,0.4963849312271166,0.44490765657162357
76,auto,medium,large,2008,15.0,23.0,5.7,0.338256315657858,0.0807051794388843
77,lock-up,few,large,1997,18.0,23.0,2.296,0.016361220167320552,-0.12786631181593394
78,manual,few,midsize,2003,19.0,27.0,2.3,0.3914726853983386,-0.4174957356713501
79,lock-up,medium,midsize,1996,18.0,26.0,3.1324,-0.03792842927591197,-0.24632149982587442
80,lock-up,medium,midsize,1993,15.0,24.0,3.3456,-0.2162895659922858,0.025852856461662164
81,lock-up,medium,large,1994,15.0,20.0,4.2968,-0.19632355845907595,0.316462589197935
82,lock-up,few,large,1992,15.0,19.0,2.4436,-0.2864678629976223,0.3202771296449717
83,manual,medium,small,2003,18.0,26.0,2.5,0.4044198215348274,-0.35915242107433976
84,manual,few,large,1986,19.0,25.0,2.3616,-0.43887627573323096,-0.19597116414200733
85,manual,few,small,2006,22.0,31.0,2.4,0.24106634991176823,-0.32707058176687426
86,lock-up,medium,midsize,1992,17.0,26.0,3.1324,-0.2527878230764769,-0.1416054571110444
87,lock-up,medium,small,1991,18.0,25.0,3.1324,-0.30808415418108354,-0.12674797671679033
88,auto,medium,midsize,1998,15.0,24.0,2.8,0.08344140401569465,-0.072867327356209
89,manual,few,small,1986,18.0,25.0,2.4764,-0.4232605675299373,-0.14092660092720902
90,manual,many,small,2004,8.0,12.0,6.2,0.2164934940065116,0.2785868584405695
91,auto,few,small,1986,21.0,25.0,1.7876,-0.38990620369030093,-0.24603185159636384
92,auto,few,small,2000,21.0,26.0,1.8,0.15935359133143012,-0.33088382067992606
93,auto,medium,large,1988,11.0,12.0,4.9528,-0.24831550862664006,0.36742757170306184
94,auto,medium,large,2007,15.0,22.0,3.5,0.45399166758651943,0.15641360926142878
95,auto,medium,midsize,2006,17.0,25.0,3.5,0.4576713842932653,-0.2326400076277713
96,lock-up,few,small,1987,23.0,27.0,1.6072,-0.36769572871998873,-0.3732066972914157
97,auto,medium,midsize,2005,14.0,19.0,5.3,0.5028446037680109,0.44910861787186707
98,auto,few,midsize,1987,17.0,20.0,2.3124,-0.42120378710384343,0.18377484832084173
99,auto,few,small,2003,23.0,32.0,1.5,0.17591252937016533,-0.3465866222344765
100,manual,few,small,2005,21.0,30.0,2.4,0.26568293713096425,-0.3465160050290471
101,manual,few,small,1986,23.0,30.0,1.9844,-0.31715953463867586,-0.36292885916551204
102,manual,medium,large,1999,14.0,17.0,4.2,0.1430691694551111,0.41204360686594765
103,lock-up,few,small,1994,19.0,29.0,2.2632,-0.15573717194482203,-0.35317967591225863
104,manual,medium,large,2003,13.0,17.0,4.7,0.39895792122685153,0.4762474805968225
105,manual,few,midsize,1993,25.0,33.0,1.9024,-0.1626485284486654,-0.3778828756880614
106,auto,medium,midsize,2008,16.0,22.0,3.7,0.40360304288763676,0.09248563433130359
107,lock-up,medium,midsize,1992,16.0,23.0,2.952,-0.313768878726638,0.06751640275175594
108,manual,medium,small,2002,16.0,24.0,2.7,0.3021950348042871,-0.16474570016181508
109,manual,medium,small,1989,15.0,23.0,2.9684,-0.4379221493850128,0.13129248156876513
110,manual,few,midsize,2000,22.0,26.0,1.6,0.138854095752319,-0.3118402014762916
111,lock-up,medium,midsize,1985,16.0,24.0,3.7884,-0.3689972956852185,0.017957790456388855
112,auto,medium,large,2005,18.0,26.0,3.5,0.46258812093975,-0.3386017934954676
113,manual,medium,midsize,2004,18.0,26.0,3.5,0.45513007195133653,-0.35724423550441303
114,auto,few,small,2000,19.0,26.0,2.0,0.1867724245384694,-0.3141117190495719
115,auto,few,midsize,2005,21.0,26.0,2.4,0.3666774122321661,-0.366751798205593
116,auto,medium,large,2006,13.0,17.0,5.6,0.4398792199862084,0.4220623367417855
117,lock-up,few,midsize,1985,19.0,26.0,2.4764,-0.3990911091075594,-0.2185041074238444
118,auto,few,midsize,1998,18.0,22.0,1.8,0.08079990322673712,-0.05433477295412695
119,manual,few,midsize,2000,21.0,29.0,2.2,0.13486923505855894,-0.3965035945532039
120,lock-up,medium,large,1985,13.0,17.0,4.9528,-0.3254070157123106,0.3554094937111874
121,manual,medium,midsize,1995,18.0,26.0,2.4436,-0.10210915677048993,-0.23917550457024467
122,auto,medium,midsize,2004,11.0,16.0,6.0,0.33356558570574585,0.39752798182217414
123,auto,many,small,2000,10.0,17.0,5.9,0.16202829919548395,0.390220198810286
124,manual,few,small,2007,16.0,22.0,1.3,0.3799026511139738,0.030837255451690783
125,auto,medium,large,2001,14.0,17.0,4.8,0.27421944804782034,0.4274561150634042
126,auto,few,midsize,2000,21.0,23.0,2.0,0.12854536176831266,-0.1619439133440337
127,manual,medium,midsize,2007,16.0,21.0,2.7,0.4412651772720451,0.16014952196243848
128,auto,medium,midsize,2007,13.0,19.0,4.6,0.4772524384274157,0.39210345585360734
129,auto,few,small,1996,24.0,29.0,1.476,-0.06391223476043359,-0.3790049388977364
130,lock-up,medium,midsize,1991,15.0,23.0,5.002,-0.29554653089320626,0.11791777217669658
131,manual,medium,large,1985,11.0,17.0,5.2152,-0.29713639855202995,0.3492302215680704
132,manual,medium,midsize,2006,16.0,26.0,2.8,0.41998073248868684,-0.22408423784951284
133,manual,few,midsize,1985,21.0,29.0,2.4764,-0.355285144652781,-0.3418547292004496
134,lock-up,few,small,1985,23.0,27.0,1.6072,-0.3399603953306501,-0.31417942621308653
135,auto,medium,small,2004,17.0,25.0,2.5,0.4532485381942033,-0.2913143284360185
136,auto,medium,midsize,2004,18.0,27.0,3.1,0.43397963604200446,-0.38831509467660313
137,lock-up,medium,midsize,1995,18.0,27.0,2.9848,-0.0947523620914686,-0.27407620496792107
138,lock-up,medium,small,1994,13.0,19.0,4.182,-0.17148758976912984,0.39141795489454756
139,auto,medium,large,1987,10.0,12.0,5.904,-0.23180019435910584,0.337564314574985
140,manual,few,small,2003,23.0,30.0,2.2,0.2067295704432138,-0.3571329663495005
141,manual,medium,small,1996,17.0,22.0,2.9684,-0.044356210878570126,0.020161621220000103
142,lock-up,medium,large,1985,15.0,22.0,5.002,-0.3381787427134933,0.13595589818618542
143,auto,medium,large,1990,15.0,17.0,4.2968,-0.4008067698766027,0.4868559394070051
144,manual,medium,small,2007,17.0,26.0,3.0,0.4224378770265542,-0.23286049964671635
145,auto,medium,small,2001,18.0,25.0,3.0,0.26774909374791306,-0.27187435049906394
146,auto,medium,large,2008,14.0,19.0,4.7,0.4321711895044992,0.31853433355057403
147,auto,medium,midsize,2006,18.0,26.0,3.9,0.4452790390563797,-0.30124957724554063
148,manual,few,small,1990,19.0,25.0,1.9516,-0.3734724112037072,-0.20208337187281697
149,manual,few,small,1985,19.0,26.0,2.4764,-0.3990911091075594,-0.2185041074238444
150,auto,medium,midsize,1999,15.0,19.0,4.3,0.1383739787971915,0.3281581160409922
151,auto,medium,large,2004,14.0,17.0,4.6,0.4560852095928194,0.4802007284162775
152,manual,few,small,1989,21.0,31.0,2.214,-0.3149959559126799,-0.4196877160115533
153,auto,medium,small,2003,18.0,25.0,3.0,0.3986841232046028,-0.30828830736143303
154,lock-up,medium,large,1991,14.0,15.0,3.9196,-0.3020766600395838,0.47579017753085623
155,auto,medium,midsize,2001,13.0,17.0,5.0,0.2696064610306267,0.42629048938569253
156,lock-up,medium,large,1995,13.0,16.0,5.2152,-0.1055660882545539,0.4231311999735908
157,manual,medium,large,1998,13.0,17.0,5.0,0.06536713777257167,0.40572612806518793
158,auto,medium,midsize,1995,16.0,22.0,3.198,-0.1262019243163754,0.09286720495949707
159,auto,medium,small,2002,18.0,26.0,3.4,0.32584949202076247,-0.3198083184760028
160,manual,medium,small,2008,15.0,25.0,3.1,0.3326956081112888,-0.0942917615513563
161,lock-up,medium,small,1992,15.0,23.0,5.74,-0.22449806794725072,0.11714670316065534
162,lock-up,few,midsize,1994,21.0,26.0,1.8368,-0.16661900511524144,-0.316842632975352
163,auto,medium,large,2005,14.0,17.0,5.3,0.46825368172863874,0.4608099337490509
164,auto,medium,small,1995,14.0,19.0,4.9692,-0.1145697278270589,0.3784425683110371
165,lock-up,few,midsize,1992,21.0,25.0,2.4928,-0.2389636683243687,-0.25461862611363356
166,auto,medium,large,2001,13.0,16.0,5.7,0.24876447432525373,0.42191752844353964
167,lock-up,medium,large,1993,13.0,17.0,4.92,-0.22615940737849854,0.4691185949967755
168,lock-up,medium,large,1991,15.0,20.0,4.2968,-0.3524919457754398,0.33524104778516556
169,lock-up,few,small,1985,21.0,24.0,2.0008,-0.35129872391640565,-0.18043872621528484
170,auto,medium,large,2003,10.0,17.0,5.2,0.3154614130728424,0.38887363013754916
171,auto,few,large,2008,18.0,24.0,2.9,0.38353900344195246,-0.15254333097713357
172,manual,few,small,2005,23.0,32.0,1.6,0.2039031556255359,-0.32631987052090583
173,manual,few,large,1987,18.0,24.0,1.9844,-0.4430408171945883,-0.10156968954878486
174,auto,medium,midsize,2006,15.0,20.0,3.5,0.5036582921879018,0.3279332543048984
175,auto,medium,midsize,2008,13.0,19.0,4.4,0.42605270698783865,0.33418051104545676
176,manual,medium,small,2004,18.0,26.0,3.0,0.4624121494769719,-0.36634108589295816
177,lock-up,medium,small,1996,16.0,21.0,3.9688,-0.048972493370808876,0.18260788629219257
178,manual,medium,small,1988,17.0,24.0,2.9684,-0.457391164425396,-0.03141234274046606
179,lock-up,medium,midsize,1996,18.0,26.0,2.46,-0.04011164683490372,-0.26088053231389524
180,manual,few,small,1987,31.0,37.0,1.476,-0.16809888404513043,-0.27661156018144784
181,lock-up,medium,large,1993,18.0,24.0,3.2964,-0.23476835048718267,-0.10248106567818563
182,manual,few,small,1985,33.0,41.0,1.8204,-0.153047812762732,-0.25163274550000486
183,manual,few,midsize,2001,22.0,30.0,2.0,0.1538837957896709,-0.3756249574710248
184,manual,few,midsize,1999,19.0,29.0,2.0,0.0944228291784623,-0.3578219036340259
185,lock-up,medium,midsize,1997,17.0,25.0,2.9848,0.01914709196426825,-0.16768143993097284
186,manual,few,small,1994,28.0,35.0,1.476,-0.13008482569702653,-0.3443293668196945
187,manual,few,small,1989,32.0,38.0,1.2956,-0.1473467169470385,-0.2711152765551476
188,manual,few,midsize,2008,20.0,27.0,2.5,0.3374328977689245,-0.29462068437877204
189,auto,medium,large,1998,14.0,17.0,4.3,0.06793677509292477,0.40922414407161145
190,auto,medium,midsize,2005,13.0,17.0,5.3,0.4490997236244884,0.4608988830195909
191,auto,medium,large,2008,15.0,20.0,4.0,0.4458594199955828,0.2681053786604429
192,auto,medium,small,1999,18.0,26.0,2.5,0.13065202845588242,-0.2807293599084001
193,auto,medium,midsize,2008,15.0,22.0,3.5,0.3990124576176373,0.13105214433455753
194,auto,medium,large,1995,11.0,13.0,4.92,-0.10135246150492147,0.3803718439059204
195,lock-up,medium,midsize,1994,17.0,26.0,3.7884,-0.15028089972165412,-0.14710138161335892
196,manual,medium,small,1998,17.0,25.0,2.8,0.07973620819734575,-0.18156495972134393
197,lock-up,medium,large,1988,15.0,19.0,3.9196,-0.46916144181982894,0.392078611272585
198,lock-up,medium,midsize,1987,17.0,22.0,2.8372,-0.4676501609008948,0.09126153114099497
199,auto,medium,small,2007,17.0,24.0,3.6,0.4225782717323278,-0.13442835509324724
200,lock-up,medium,small,1993,10.0,15.0,6.7568,-0.18089232868220162,0.4063262970024605
201,lock-up,medium,large,1988,14.0,17.0,3.9196,-0.40403808725114115,0.45146932622022184
202,lock-up,few,large,1996,18.0,25.0,2.1976,-0.04781105153900849,-0.22443568611727305
203,lock-up,medium,large,1997,14.0,17.0,4.1984,0.00955750715710671,0.4101142564221552
204,auto,few,small,1993,23.0,27.0,1.5908,-0.18417439929392057,-0.3442320754546457
205,manual,few,large,1987,15.0,17.0,2.1156,-0.3858474919851152,0.38186116724416885
206,auto,medium,large,1988,14.0,16.0,4.92,-0.36285872709865064,0.4488266849727646
207,manual,few,small,1988,24.0,33.0,1.8532,-0.26130998464207666,-0.380154517987694
208,auto,medium,small,2005,13.0,20.0,3.6,0.5165261250477421,0.428058887428478
209,lock-up,medium,small,1993,18.0,24.0,2.46,-0.23703427259690532,-0.11005518168003525
210,lock-up,few,small,1988,21.0,27.0,1.6072,-0.4098363820131866,-0.36774252545258934
211,manual,few,small,1985,24.0,33.0,1.6072,-0.25492786224369857,-0.32522517622717095
212,auto,medium,large,2007,15.0,17.0,4.3,0.42671628514002197,0.38421450254479605
213,manual,few,small,1991,22.0,29.0,1.7876,-0.3060753600348818,-0.4655909730682595
214,auto,many,small,1989,11.0,15.0,5.3464,-0.3118884618100559,0.4586096664730029
215,auto,medium,midsize,1999,18.0,26.0,3.2,0.13457348229970922,-0.25890128920443384
216,manual,few,midsize,2002,19.0,23.0,2.0,0.25211446473406063,-0.1938651112371442
217,auto,medium,large,2001,14.0,17.0,3.3,0.2614990776723865,0.40082652722651607
218,lock-up,few,large,1988,16.0,20.0,2.5584,-0.447094820464906,0.2644266805406398
219,manual,few,small,1994,24.0,32.0,1.2956,-0.15058869714434642,-0.40122363339884304
220,auto,medium,midsize,2007,18.0,26.0,3.0,0.4177157511293948,-0.27643302572579176
221,auto,few,small,2006,22.0,29.0,2.0,0.2667921037824411,-0.33103203939192455
222,manual,few,large,1992,21.0,25.0,2.4764,-0.2388982530381929,-0.2550604229136565
223,auto,few,midsize,1989,18.0,25.0,2.4928,-0.4314898831825153,-0.15598185660171143
224,auto,medium,small,1999,17.0,25.0,2.8,0.15443581974747736,-0.2009005153478117
225,manual,medium,large,1995,13.0,17.0,4.9528,-0.10267387123078814,0.42667402144136063
226,lock-up,medium,large,1989,13.0,17.0,4.9528,-0.38208207567817765,0.4929348291260949
227,auto,few,midsize,1998,22.0,31.0,2.0,0.019290961127949004,-0.38646711694333924
228,manual,few,midsize,2005,18.0,27.0,1.8,0.42862854647751314,-0.37200406470587244
229,manual,few,small,1995,21.0,29.0,2.0008,-0.11327810740545984,-0.37923487968507635
230,auto,medium,midsize,2005,17.0,25.0,3.8,0.4710250916566318,-0.2622044285591926
231,lock-up,medium,large,1997,15.0,20.0,4.2968,0.00879832496279565,0.25776563332191454
232,manual,few,small,2001,21.0,31.0,2.0,0.15125022252821713,-0.3630118450936738
233,manual,few,small,2000,22.0,30.0,2.0,0.10960423276437727,-0.3891077426385502
234,auto,few,large,2004,16.0,20.0,2.7,0.3953775664204695,0.24068115116320418
235,lock-up,medium,large,1993,11.0,16.0,5.74,-0.19174327418792542,0.4355849982215349
236,auto,few,small,2004,26.0,35.0,1.7,0.12322784492348199,-0.301911298745221
237,auto,medium,midsize,1997,16.0,23.0,4.1984,0.01987133063227429,0.012383630249636754
238,manual,medium,small,1991,16.0,21.0,2.952,-0.34983326714246643,0.19316400205143477
239,auto,few,midsize,2003,23.0,29.0,1.8,0.22508122250353002,-0.3702185795118114
240,manual,few,midsize,1997,24.0,33.0,1.9024,-0.03123261689887326,-0.37929905539735964
241,auto,medium,large,2008,17.0,24.0,3.3,0.38614650853112026,-0.12720983760470958
242,manual,few,large,1988,18.0,23.0,2.5584,-0.46886359785292014,-0.02281256892540852
243,manual,few,midsize,2008,26.0,33.0,1.8,0.17314594769014163,-0.2594871844826865
244,manual,medium,small,2005,17.0,26.0,3.0,0.4463155718469662,-0.29682696703494793
245,auto,few,midsize,1987,19.0,22.0,1.7876,-0.3892340211559213,-0.031022606999191238
246,manual,few,small,1994,21.0,32.0,2.2632,-0.14209786063886898,-0.3895149882388017
247,manual,medium,large,1989,16.0,21.0,3.0012,-0.4564975430807923,0.20923660395127525
248,auto,medium,midsize,2008,17.0,22.0,3.0,0.3803392626285114,0.02957001732566582
249,auto,medium,midsize,2007,14.0,20.0,5.3,0.4603200388382784,0.3270061555710903
250,manual,few,small,2006,24.0,32.0,1.8,0.20545088386331023,-0.3168641756270188
251,auto,medium,large,2007,17.0,24.0,3.5,0.42622337123630333,-0.13803268031656724
252,manual,few,large,1997,21.0,25.0,2.296,1.025075845760838e-05,-0.2884382613928004
253,lock-up,medium,small,1990,18.0,26.0,2.9848,-0.33445208033894575,-0.18148949265547817
254,auto,medium,large,1986,14.0,14.0,4.92,-0.30424009538554886,0.37520614576442574
255,lock-up,medium,large,1997,13.0,17.0,5.002,0.0031969059227646133,0.42607505777093596
256,auto,medium,small,1988,16.0,20.0,2.9684,-0.4568472879625547,0.2732541022287457
257,lock-up,few,small,1992,23.0,29.0,1.6072,-0.26121846506344143,-0.4472614905586981
258,lock-up,medium,large,1986,15.0,17.0,4.2968,-0.38085112682695854,0.36786232707656696
259,auto,medium,large,1989,15.0,16.0,4.2968,-0.37531208303118063,0.46706909082534587
260,lock-up,medium,midsize,1985,15.0,20.0,2.9684,-0.37515347782062486,0.2369105721014861
261,lock-up,medium,midsize,1995,17.0,26.0,3.7884,-0.08973029511228722,-0.16955098495640084
262,lock-up,medium,small,1996,17.0,23.0,2.6732,-0.0488643047130393,-0.05699007506173481
263,auto,few,small,1985,26.0,30.0,2.1976,-0.2656002973822461,-0.3122997882061088
264,manual,few,small,2005,21.0,29.0,2.0,0.2864071728123992,-0.35797573113098285
265,manual,medium,large,2008,15.0,19.0,3.7,0.42770892861807386,0.29162336885189355
266,auto,medium,large,1999,14.0,17.0,5.0,0.14465733567396435,0.4185881228688605
267,auto,medium,small,2002,18.0,25.0,3.2,0.32011457828734935,-0.2743024125664143
268,auto,medium,midsize,2007,19.0,29.0,3.5,0.3115104850857447,-0.3086782976496828
269,auto,few,small,2005,19.0,26.0,2.4,0.46840007439697007,-0.390554495586446
270,lock-up,medium,large,1988,15.0,21.0,4.2968,-0.4445166717758408,0.24726783563833407
271,auto,few,midsize,1988,17.0,20.0,2.3124,-0.4268831203598362,0.21624868745038944
272,lock-up,few,large,1992,18.0,24.0,2.4764,-0.2904446683101353,-0.09905794743817711
273,lock-up,medium,large,1988,15.0,20.0,3.9688,-0.4636452094614972,0.342477604461133
274,manual,few,small,2000,21.0,29.0,2.0,0.13418371313401056,-0.3939296029320074
275,auto,few,small,1994,17.0,21.0,2.0008,-0.1695037838804134,0.10923985999931331
276,lock-up,medium,small,1996,16.0,22.0,2.9684,-0.05530340351831375,0.08063498833148447
277,lock-up,medium,midsize,1995,15.0,23.0,4.6084,-0.10403559788575034,0.08457912408276663
278,manual,few,small,1996,21.0,26.0,2.1648,-0.06372354513550221,-0.3412653989654889
279,lock-up,medium,small,1994,15.0,23.0,3.0668,-0.1780283328401846,0.0789800718256222
280,manual,medium,small,2000,17.0,27.0,3.8,0.16544067225584555,-0.23842191039471639
281,auto,few,small,2003,22.0,30.0,2.0,0.2243409481546172,-0.3742605477223961
282,auto,medium,large,2002,16.0,25.0,3.8,0.29430433052950494,-0.19804979392928038
283,manual,medium,small,1990,15.0,22.0,3.608,-0.39016128729804805,0.1781211793438701
284,manual,medium,large,2003,15.0,20.0,4.0,0.3998386726239197,0.3426362516959451
285,auto,medium,midsize,1998,18.0,26.0,2.4,0.0702639778798724,-0.27272493630023514
286,lock-up,medium,small,1996,18.0,27.0,2.4928,-0.03553610867202105,-0.28727440496073375
287,manual,few,small,1991,19.0,26.0,2.3944,-0.30823032813587026,-0.24575002353777026
288,auto,few,small,2003,21.0,29.0,1.8,0.25052639387035824,-0.37552160568374593
289,manual,medium,large,1994,11.0,14.0,5.74,-0.1501270123200149,0.40627171450178573
290,manual,medium,small,2004,10.0,15.0,3.6,0.30509146632180095,0.3648448352256029
291,manual,few,small,1992,24.0,29.0,1.1972,-0.2471453250254849,-0.4353506947496913
292,lock-up,few,small,1995,18.0,27.0,2.0008,-0.0968161797543793,-0.2762670587897008
293,auto,few,midsize,2001,18.0,26.0,1.8,0.2524738827671535,-0.2922796070711629
294,manual,medium,small,1988,16.0,24.0,2.9684,-0.4378052238339932,0.031974191415240376
295,auto,medium,large,1993,13.0,15.0,4.92,-0.20922529525366326,0.4474621659049715
296,auto,few,midsize,2005,19.0,27.0,2.5,0.4226106805443147,-0.3914763425260363
297,auto,medium,midsize,2003,13.0,16.0,5.0,0.35840138767599755,0.4369602646055248
298,lock-up,medium,large,1985,15.0,17.0,4.2968,-0.3482284891977508,0.3253596557805827
299,manual,medium,large,1991,15.0,20.0,4.2968,-0.3530654284208205,0.3335809928795164
300,auto,medium,small,1999,18.0,26.0,2.5,0.13065202845588345,-0.2807293599084001
301,manual,few,large,2005,18.0,24.0,2.8,0.4891075901234458,-0.2608211295977896
302,auto,medium,large,2006,15.0,23.0,4.8,0.43345695056724926,0.08890209671078071
303,manual,few,midsize,1989,16.0,24.0,2.3124,-0.41550228793940025,0.01455036915057987
304,lock-up,medium,large,1995,11.0,15.0,5.74,-0.10374407672188932,0.4070053134845659
305,auto,medium,midsize,2006,10.0,13.0,5.3,0.25518467341324264,0.29172650612089235
306,manual,few,midsize,2007,21.0,29.0,2.0,0.27793158237033505,-0.31803869067295
307,manual,few,midsize,1985,21.0,31.0,2.214,-0.2999013383121727,-0.3256735514828877
308,lock-up,medium,large,1989,15.0,20.0,4.2968,-0.45651724835447716,0.35320262652179524
309,manual,medium,small,1990,15.0,22.0,4.9528,-0.3463609815100306,0.18406120309176904
310,manual,few,small,1999,19.0,29.0,2.0,0.09327952629783795,-0.3544101462820615
311,lock-up,medium,large,1997,14.0,17.0,4.2968,0.009923630867166881,0.40952123623892916
312,auto,few,midsize,2001,21.0,23.0,2.0,0.15540344804427056,-0.16521206704334182
313,manual,few,small,1987,22.0,31.0,1.9844,-0.31760150688973193,-0.39474300687301483
314,auto,medium,small,2003,18.0,26.0,2.5,0.4081340833348182,-0.36149960896745365
315,auto,medium,large,1999,11.0,16.0,5.9,0.12135997721898566,0.40592492867414265
316,manual,few,midsize,1990,26.0,31.0,1.4924,-0.2510377183932499,-0.4011742438349018
317,auto,few,midsize,1990,19.0,22.0,1.7876,-0.3418686696814374,-0.023892771448964616
318,lock-up,medium,large,1989,15.0,20.0,4.2968,-0.45343998087220483,0.3500266322202193
319,auto,few,small,2006,19.0,26.0,2.4,0.4399657186613715,-0.3516744605781137
320,manual,few,small,1986,28.0,35.0,1.476,-0.20224775360217134,-0.3020227613703874
321,lock-up,medium,large,1985,15.0,20.0,6.2156,-0.3488841220847351,0.24825558130456418
322,auto,few,small,1985,18.0,21.0,2.5584,-0.3614734721038953,0.05342860378605666
323,lock-up,few,small,1996,19.0,26.0,2.214,-0.0461450145001117,-0.3004922675613306
324,auto,medium,midsize,2006,15.0,20.0,3.0,0.48292639687894573,0.30553069029810775
325,manual,few,small,1985,16.0,21.0,2.5584,-0.37915836514249945,0.1375823673852019
326,manual,few,small,1993,23.0,29.0,2.214,-0.2087069210738233,-0.4288052636206551
327,manual,medium,small,1990,16.0,22.0,2.3124,-0.41481368275004926,0.1403503166248583
328,manual,medium,small,1992,17.0,26.0,3.1324,-0.24982134679646673,-0.1378692595828299
329,lock-up,few,small,1988,21.0,29.0,2.4764,-0.37082672023134494,-0.41195927460665527
330,manual,medium,small,1995,15.0,23.0,5.7236,-0.08917275239568843,0.08783252811972278
331,auto,medium,large,2003,13.0,17.0,4.6,0.40129062894688816,0.4781966247768866
332,lock-up,medium,large,1989,13.0,15.0,3.9196,-0.3317247815019736,0.46480942372745593
333,lock-up,medium,large,1990,16.0,23.0,3.2964,-0.41720500651458575,0.09100222878909076
334,auto,few,midsize,2007,21.0,25.0,2.4,0.3327489626518255,-0.27725315465494166
335,manual,medium,small,1990,16.0,22.0,2.3124,-0.41762032649538394,0.13902359039989157
336,auto,medium,midsize,2007,18.0,26.0,2.4,0.4137111928699997,-0.2817710176760396
337,manual,few,small,1993,21.0,29.0,1.7548,-0.20172055592042895,-0.3950423869384488
338,lock-up,medium,large,1993,16.0,21.0,2.952,-0.23782432544822119,0.17799145144930092
339,lock-up,medium,midsize,1987,18.0,24.0,2.8372,-0.44931366076611656,-0.08893555365177705
340,manual,few,small,1999,21.0,29.0,2.3,0.09185176556133008,-0.38682503574279986
341,lock-up,medium,large,1992,11.0,16.0,5.74,-0.23677794608429675,0.44407505651302404
342,auto,medium,large,1985,13.0,15.0,4.92,-0.3035852892054293,0.36073086566193674
343,lock-up,medium,large,1995,11.0,16.0,5.2152,-0.09533567624663343,0.407800603917707
344,lock-up,medium,large,1995,15.0,20.0,4.0016,-0.12003411196513154,0.30237400751380217
345,auto,medium,midsize,2005,11.0,16.0,6.0,0.3388068133300016,0.3816601369146856
346,lock-up,few,small,1990,21.0,29.0,1.5908,-0.3528523304195406,-0.45419576830414693
347,manual,medium,large,2004,14.0,20.0,4.3,0.5154730863891146,0.43597477607180307
348,manual,few,small,1995,21.0,29.0,2.0008,-0.11327810740546045,-0.37923487968507624
349,auto,medium,midsize,2007,18.0,25.0,2.5,0.4454122989722845,-0.2496036253954406
350,auto,medium,midsize,2007,15.0,20.0,4.0,0.482041275743405,0.3130204692482187
351,manual,few,midsize,2003,21.0,26.0,2.0,0.3148567991200106,-0.36575761111346294
352,lock-up,medium,large,1985,15.0,19.0,4.2968,-0.3762325062368497,0.2913103161105974
353,auto,few,midsize,2004,19.0,25.0,2.4,0.45590351699734316,-0.3656954760696132
354,lock-up,few,small,1996,21.0,29.0,1.9844,-0.06553529826913838,-0.38225319072678576
355,auto,medium,midsize,1986,16.0,20.0,2.2304,-0.40154598123739765,0.210748610498925
356,manual,few,small,1998,21.0,31.0,2.2,0.0250235541858851,-0.37073796887222205
357,manual,few,midsize,1989,24.0,32.0,1.5908,-0.2818470126705465,-0.413922908286542
358,lock-up,medium,small,1995,18.0,26.0,3.1324,-0.10392030292583221,-0.22379296363304765
359,auto,medium,large,1999,13.0,17.0,5.7,0.1330060223767319,0.42358146061657254
360,lock-up,medium,large,1990,11.0,15.0,5.2152,-0.29152181995149834,0.4675501711729755
361,auto,medium,midsize,2005,15.0,20.0,3.6,0.510514607880826,0.3577780432703659
362,auto,medium,large,2005,13.0,17.0,5.3,0.44909972362448775,0.46089888301959114
363,auto,medium,large,2003,11.0,16.0,5.3,0.3224300198080574,0.40269353695210197
364,auto,medium,large,1992,13.0,14.0,4.92,-0.24768892945228763,0.45453037183166595
365,manual,few,small,1995,24.0,33.0,1.8368,-0.1060480255663126,-0.38250062792364686
366,lock-up,few,small,1993,19.0,25.0,2.0008,-0.20717371290741982,-0.2015724016233123
367,auto,few,small,2004,23.0,31.0,1.6,0.2010561246720968,-0.3472688011397868
368,manual,medium,small,2003,17.0,25.0,2.5,0.3871014885937975,-0.2756576143644009
369,lock-up,medium,small,1989,17.0,25.0,2.8372,-0.4099617105608284,-0.08676851568687538
370,manual,many,small,1995,11.0,20.0,8.0032,-0.073316686504159,0.2865545974121862
371,lock-up,few,small,1986,21.0,29.0,1.804,-0.36270264546647757,-0.36694267367776384
372,manual,medium,small,2004,15.0,24.0,3.0,0.3731729463168914,-0.08631032027492769
373,lock-up,medium,midsize,1990,16.0,21.0,2.3124,-0.3867296927777895,0.1879621147586383
374,manual,few,small,2008,21.0,29.0,1.6,0.27579061701236757,-0.3026851943392443
375,manual,few,small,1993,19.0,26.0,2.3944,-0.22071220032071812,-0.2634810226710623
376,auto,medium,midsize,2007,15.0,19.0,4.7,0.47391726929161554,0.34283444344682423
377,lock-up,medium,large,1993,14.0,17.0,5.002,-0.21425600506896228,0.43830358863644286
378,auto,medium,large,1985,11.0,11.0,5.7564,-0.2243612930362354,0.3030555880808812
379,auto,medium,large,2001,16.0,23.0,3.5,0.24971952624808824,-0.07486068232713317
380,auto,few,small,1991,21.0,29.0,1.5908,-0.31371334692684544,-0.45219012970895195
381,auto,medium,midsize,2004,15.0,20.0,4.0,0.4837926093726739,0.3783135620765059
382,manual,medium,large,2001,14.0,16.0,3.3,0.25293353823443576,0.40198458792417824
383,auto,medium,small,2005,11.0,16.0,4.2,0.34992496014659474,0.39173613682063413
384,lock-up,medium,large,1990,15.0,20.0,4.0016,-0.40940515368822905,0.3370364726338379
385,lock-up,medium,large,1991,9.0,11.0,7.4456,-0.19070923130802525,0.33985661168805503
386,manual,few,small,2003,18.0,29.0,1.8,0.2843909067660417,-0.35019040282151476
387,auto,medium,large,2008,17.0,23.0,3.5,0.39269428233538506,-0.044046107268081745
388,manual,few,small,1987,22.0,30.0,1.9844,-0.32875667792168095,-0.3848534323715762
389,auto,medium,midsize,2000,15.0,22.0,4.2,0.17337436708362206,0.06410344704488058
390,manual,few,midsize,1985,21.0,26.0,2.3124,-0.36161891595054174,-0.2549499057797831
391,lock-up,medium,large,1997,14.0,20.0,5.002,0.00879262643193773,0.3140391222735986
392,auto,medium,large,1985,9.0,11.0,5.904,-0.21644280840936542,0.3014450175168427
393,auto,few,small,2003,21.0,26.0,2.0,0.31406298344449773,-0.3659974569506074
394,manual,medium,small,2000,16.0,25.0,5.7,0.16650537109002736,-0.12936734485445228
395,auto,medium,small,1998,15.0,21.0,5.0,0.05775645727603502,0.21272786202680571
396,auto,medium,midsize,2004,17.0,24.0,3.0,0.46136695363784985,-0.22309088703139096
397,lock-up,few,midsize,1989,18.0,23.0,2.3124,-0.4642293989135064,-0.026942821153434517
398,auto,medium,large,2002,14.0,17.0,3.4,0.33575598594579953,0.4409448105399291
399,manual,medium,small,1990,15.0,20.0,2.952,-0.4102500107816281,0.3156687469056996
400,lock-up,few,midsize,1992,18.0,23.0,1.8368,-0.2858525629779771,-0.06753881327097346
401,lock-up,medium,large,1994,11.0,16.0,5.2152,-0.14853517888272078,0.43161993689540706
402,manual,few,midsize,1985,21.0,29.0,2.1648,-0.3588485632692365,-0.34518881580349375
403,lock-up,medium,large,1997,11.0,17.0,5.2152,-0.006480736846886547,0.4014191762003649
404,auto,medium,midsize,1992,15.0,19.0,2.9684,-0.31689859512330193,0.36046118638842745
405,manual,few,small,1986,26.0,33.0,1.5908,-0.22745985747543465,-0.3146776257653421
406,manual,medium,small,1987,16.0,26.0,2.8372,-0.3422671193872071,-0.06264416302535286
407,manual,medium,small,2005,16.0,24.0,3.6,0.457064340363859,-0.12472066466260665
408,auto,medium,small,2005,15.0,22.0,3.2,0.4829884617906158,0.15665591751994234
409,manual,medium,large,1985,11.0,17.0,5.2152,-0.2971363985520303,0.3492302215680709
410,auto,few,small,2008,25.0,36.0,1.8,0.15914619140140823,-0.2569509681165172
411,manual,medium,large,1996,14.0,19.0,5.002,-0.060830531371099804,0.36675350303409177
412,manual,medium,midsize,2002,16.0,23.0,3.0,0.31939878063135435,-0.07285697199706719
413,manual,medium,small,1993,16.0,21.0,3.0012,-0.23920266687569416,0.1775524173869984
414,manual,few,small,2000,18.0,26.0,2.5,0.19690416498969665,-0.2850037784843235
415,manual,few,midsize,1996,19.0,26.0,2.214,-0.046825253272314085,-0.2984250295048677
416,auto,few,small,2005,28.0,39.0,1.9,0.09514315021747666,-0.2592202197738583
417,lock-up,medium,large,1987,11.0,16.0,5.2152,-0.3128692070890323,0.40257745615514606
418,lock-up,few,small,1988,26.0,29.0,1.476,-0.2908494143121066,-0.3858373232181269
419,auto,medium,large,1988,10.0,13.0,5.7564,-0.25515579624523727,0.3797284102525802
420,manual,medium,large,1996,16.0,22.0,3.0012,-0.05611730425650315,0.081372329346957
421,manual,medium,large,2000,15.0,20.0,3.0,0.1910277573149464,0.24570702148279003
422,manual,few,midsize,1994,21.0,26.0,1.8204,-0.16567715691470652,-0.31656692979124956
423,lock-up,few,midsize,1985,19.0,26.0,1.9844,-0.39671610209614444,-0.22085768963177935
424,auto,few,small,2001,18.0,26.0,2.4,0.25520896942608823,-0.2950710322874684
425,auto,few,midsize,2007,18.0,24.0,2.4,0.4392745708461238,-0.20123470405683497
426,lock-up,few,midsize,1986,21.0,22.0,2.0008,-0.3278043156649078,-0.09940959355066659
427,auto,medium,midsize,2008,16.0,21.0,3.5,0.4149474418925206,0.1549520654616389
428,auto,medium,midsize,2001,18.0,25.0,2.4,0.26185555245059733,-0.2721565428697696
429,lock-up,few,small,1995,23.0,31.0,1.7712,-0.11770215396165006,-0.39602970942684357
430,auto,few,midsize,2001,22.0,29.0,2.0,0.16426825958802652,-0.37861478601635906
431,auto,medium,large,2000,13.0,17.0,5.0,0.2039686244825728,0.4428419115546606
432,manual,few,small,1986,31.0,37.0,1.476,-0.17261690884663475,-0.26976881991043244
433,auto,few,small,2007,19.0,29.0,2.0,0.3040536630652959,-0.30716642302731745
434,manual,few,midsize,1990,16.0,24.0,2.3124,-0.36500222839755586,0.00011917440642969233
435,manual,medium,large,1990,15.0,21.0,2.9848,-0.3833478389234149,0.21925015067245815
436,auto,medium,small,1994,16.0,21.0,3.198,-0.19038749074156436,0.17254939881310188
437,lock-up,medium,large,1986,15.0,17.0,5.002,-0.3625405845290486,0.3674678509246132
438,manual,few,small,2007,17.0,23.0,2.5,0.4370352031465785,-0.07099188762347647
439,manual,few,small,1997,23.0,33.0,1.9024,-0.028048829914957052,-0.3774681264501006
440,auto,medium,midsize,2005,18.0,27.0,2.5,0.4402024800493284,-0.36916818934208195
441,auto,few,small,2005,19.0,26.0,2.5,0.4676684852010341,-0.3870441640317311
442,manual,few,small,1994,19.0,26.0,2.0008,-0.16353018379187306,-0.2720281051665435
443,auto,few,small,1989,19.0,22.0,1.7876,-0.3944066556242176,-0.0334658336722766
444,manual,medium,large,2002,15.0,17.0,3.4,0.3229464269507574,0.41644061695588347
445,auto,medium,midsize,2008,16.0,22.0,3.0,0.3817633379778536,0.06919118531355181
446,auto,medium,midsize,2002,11.0,14.0,6.0,0.2397102275477845,0.35247314739663205
447,auto,medium,large,2008,16.0,22.0,3.7,0.4036030428876365,0.09248563433130359
448,manual,few,small,2002,24.0,36.0,1.9,0.0910836065707662,-0.3123953480563826
449,lock-up,medium,large,1991,14.0,17.0,4.2968,-0.3657886239448499,0.528290546650297
450,lock-up,medium,large,1985,11.0,15.0,5.74,-0.2803754725815192,0.35284652592904653
451,auto,few,small,2002,19.0,27.0,1.9,0.3051520961520877,-0.38299352583279583
452,manual,few,small,1998,26.0,33.0,1.6,-0.004785963417245294,-0.35650087595524566
453,manual,medium,large,2007,13.0,17.0,4.7,0.42219725464810093,0.3988025613940035
454,auto,medium,midsize,2007,17.0,25.0,3.1,0.4439199517002707,-0.2067901650548441
455,auto,few,midsize,2003,21.0,26.0,2.0,0.3140943517257318,-0.3656067547364481
456,auto,medium,midsize,2008,15.0,22.0,3.6,0.3991017957523095,0.13395899078102383
457,lock-up,few,small,1985,21.0,24.0,1.7876,-0.35272058051756955,-0.18447907362160743
458,manual,medium,large,1991,13.0,16.0,3.9196,-0.31980479716783416,0.49542095132214015
459,auto,few,midsize,2008,20.0,26.0,2.5,0.34009150100144697,-0.2718637862009134
460,manual,medium,small,1991,15.0,21.0,2.952,-0.3244922661218282,0.22289395172738186
461,auto,few,large,2004,17.0,20.0,2.7,0.3459289723724001,0.16074902961494217
462,lock-up,medium,small,1992,15.0,23.0,5.002,-0.26059955746812213,0.1210133024950374
463,auto,medium,small,2003,16.0,22.0,4.4,0.34462080748244345,0.08645097347320682
464,auto,medium,large,2001,14.0,17.0,5.3,0.2691470149300121,0.4227439454563421
465,auto,medium,midsize,2005,15.0,21.0,4.0,0.46833553466252625,0.24476290844893775
466,lock-up,medium,small,1991,15.0,20.0,3.9852,-0.34396001615627747,0.31553346157153705
467,auto,medium,midsize,2000,15.0,19.0,4.3,0.21413328964698,0.32200111081336347
468,manual,medium,small,2004,17.0,24.0,3.2,0.46255623399003,-0.2225462614807838
469,manual,few,midsize,1992,19.0,26.0,2.3124,-0.2496989145890238,-0.251913403007953
470,auto,few,midsize,2006,19.0,25.0,2.0,0.4338246927808359,-0.30494357623727913
471,manual,few,small,1986,31.0,39.0,2.0008,-0.16192105717993552,-0.26233424454166976
472,auto,medium,midsize,2006,15.0,20.0,5.3,0.48668799517978845,0.3399529977592093
473,manual,medium,large,1993,14.0,17.0,4.9528,-0.21595093334109153,0.4408788385184922
474,lock-up,few,midsize,1996,18.0,26.0,2.4272,-0.04019535776479684,-0.2636532084898421
475,lock-up,medium,midsize,1988,17.0,26.0,3.7884,-0.3642130515704465,-0.11220169227183807
476,auto,medium,midsize,2006,13.0,17.0,6.0,0.4300056218677629,0.4122572824412843
477,manual,few,small,1989,16.0,22.0,2.1648,-0.449413424744457,0.1444618109445394
478,auto,medium,large,2002,17.0,26.0,3.8,0.30168055361090396,-0.26505995187827813
479,lock-up,few,small,1993,21.0,24.0,1.7876,-0.17637851887997621,-0.1902527115141644
480,manual,few,small,1990,19.0,26.0,1.5908,-0.37132941338710246,-0.2660070621055434
481,manual,few,small,2008,23.0,32.0,1.6,0.21544242034217673,-0.28666980278200943
482,auto,medium,midsize,2005,18.0,27.0,2.5,0.4424866955701392,-0.3660819554103024
483,lock-up,medium,small,1986,15.0,23.0,5.002,-0.34613273606801476,0.08604202164093423
484,manual,medium,large,2004,15.0,19.0,3.7,0.495974600340504,0.4352988777356305
485,lock-up,medium,midsize,1985,18.0,26.0,5.74,-0.3038203025105789,-0.10049407356657464
486,manual,few,midsize,1989,21.0,31.0,2.214,-0.3130454781558879,-0.4180909325419757
487,lock-up,medium,midsize,1985,17.0,26.0,5.74,-0.2790803074253009,-0.05635876519918326
488,manual,medium,large,1992,15.0,19.0,4.2968,-0.3130381123810429,0.3897801109501939
489,lock-up,few,small,1993,21.0,26.0,1.8368,-0.20856778773168785,-0.31253366185254733
490,lock-up,few,midsize,1994,21.0,26.0,2.1648,-0.16457066447439422,-0.3177628356709802
491,lock-up,medium,small,1990,18.0,25.0,3.1324,-0.3657875363567756,-0.11735699627789632
492,manual,few,midsize,2005,19.0,27.0,2.4,0.41852935420464144,-0.38948680788227447
493,auto,few,small,2001,26.0,36.0,1.8,0.06513589212460953,-0.30603629632460716
494,auto,medium,small,2002,17.0,23.0,3.2,0.3197813542220397,-0.12656919040389092
495,auto,medium,midsize,2006,14.0,19.0,4.2,0.5142391958486983,0.4236540399998638
496,auto,medium,midsize,2001,14.0,17.0,3.5,0.2675455532210068,0.4045113543194707
497,manual,few,small,1993,22.0,29.0,1.8368,-0.20571919016220555,-0.4093768618627443
498,lock-up,medium,small,1996,18.0,24.0,2.4928,-0.0520803817236584,-0.16494373660176015
499,auto,medium,small,1990,15.0,20.0,2.9684,-0.4125356945829371,0.32234638273278793
500,manual,few,midsize,2008,24.0,33.0,2.0,0.1951106270283172,-0.27983553502840985
501,lock-up,few,small,1985,19.0,24.0,1.9516,-0.38847677564779776,-0.12225074304384638
502,auto,medium,midsize,2006,17.0,21.0,3.0,0.4548872514787868,0.11140090168340981
503,manual,medium,small,1989,18.0,24.0,2.3124,-0.4489046266017395,-0.0991234124133632
504,lock-up,medium,large,1991,14.0,16.0,3.9196,-0.336436769082123,0.5039403136314282
505,auto,medium,large,1999,15.0,20.0,4.3,0.12589156551844247,0.27545707335067376
506,auto,few,midsize,1985,21.0,23.0,1.4596,-0.32600132036896967,-0.12709510734629229
507,lock-up,medium,midsize,1995,17.0,26.0,3.1324,-0.08936602551864348,-0.18506437025243372
508,lock-up,few,small,1988,22.0,29.0,2.0008,-0.35504023164205295,-0.4208824611320295
509,auto,medium,midsize,1998,18.0,26.0,3.1,0.07230000104635063,-0.26279761458230283
510,auto,medium,large,2002,13.0,15.0,3.9,0.2773403266504817,0.39452243254172353
511,auto,medium,large,2002,13.0,16.0,5.7,0.30155562692417165,0.4169086402943428
512,auto,few,midsize,1985,18.0,21.0,2.5584,-0.3634445012868796,0.05540588952505415
513,lock-up,medium,large,1997,14.0,17.0,5.74,0.0009730307790938516,0.4222309413689983
514,auto,medium,midsize,2006,17.0,26.0,3.8,0.44446800715398765,-0.2678181812355048
515,lock-up,medium,midsize,1991,15.0,20.0,3.4276,-0.338209047693699,0.29866824601314157
516,auto,medium,midsize,1998,16.0,22.0,2.4,0.08116448120356111,0.03155117424259601
517,auto,few,midsize,2002,15.0,17.0,2.5,0.2906221235131242,0.37207234859788163
518,auto,few,small,1998,19.0,27.0,2.4,0.06263678231561315,-0.3265633278683226
519,auto,few,small,2000,23.0,30.0,2.0,0.10096415950241569,-0.3951739903206947
520,manual,few,small,2004,21.0,29.0,2.4,0.2781476337876015,-0.37063283796183527
521,lock-up,medium,large,1997,14.0,17.0,4.2968,0.009310397627479722,0.4104278138533653
522,manual,medium,midsize,1998,15.0,20.0,4.0,0.06546649500754223,0.2715811131700928
523,manual,medium,small,1989,16.0,26.0,2.8372,-0.32192579106546304,-0.07028309764496238
524,auto,few,small,1985,17.0,22.0,2.214,-0.37711316612915174,0.03332651806100372
525,auto,few,small,1999,24.0,32.0,1.6,0.04095310237504871,-0.387276494867215
526,manual,few,small,1985,23.0,29.0,1.7876,-0.3298075708881078,-0.345942467804286
527,auto,few,small,2008,22.0,31.0,2.4,0.23718395174240478,-0.2995691271893568
528,manual,medium,midsize,2001,15.0,22.0,2.7,0.24195497429767937,0.07116038049927971
529,auto,medium,midsize,1999,18.0,26.0,3.0,0.1318971470347573,-0.2699956373366479
530,auto,medium,small,1999,18.0,25.0,3.8,0.14636601159685206,-0.22395194047475406
531,auto,medium,large,1987,11.0,13.0,5.2152,-0.269368952112351,0.3754912973521722
532,lock-up,few,small,1985,23.0,29.0,2.0008,-0.3317741595367254,-0.34723026927698414
533,auto,few,midsize,2008,22.0,28.0,2.4,0.2742316047045142,-0.2972293538088149
534,manual,medium,large,1987,18.0,22.0,6.2156,-0.3229884969379327,0.06418708803253917
535,manual,medium,small,2000,17.0,27.0,3.8,0.1655928059154343,-0.24058584993365847
536,manual,medium,large,1995,11.0,15.0,5.002,-0.10833918131402172,0.4192553031045462
537,auto,medium,large,2008,15.0,20.0,5.3,0.4235667836187349,0.2710010944219945
538,auto,medium,midsize,2005,16.0,21.0,4.3,0.46212361800563323,0.20555736957415405
539,manual,few,small,1987,23.0,31.0,2.0008,-0.3118730085183471,-0.3991915511407779
540,auto,medium,small,2002,18.0,26.0,2.5,0.3343441082637193,-0.3353561902279169
541,auto,medium,large,2008,16.0,22.0,3.5,0.403298406416157,0.08705843277135152
542,manual,few,large,1986,18.0,22.0,2.3616,-0.41262419756994195,0.006980200574365548
543,lock-up,medium,small,1988,15.0,20.0,3.4276,-0.4536209008149858,0.32778783705738274
544,manual,few,small,1991,23.0,29.0,1.8368,-0.290136319520487,-0.4565150585778866
545,auto,few,small,1997,29.0,35.0,1.5908,-0.03269984230424717,-0.3168279598491542
546,lock-up,medium,large,1988,15.0,19.0,4.2968,-0.4586652491852088,0.39055328275040874
547,manual,few,small,1994,25.0,35.0,1.6072,-0.1312608805363241,-0.35634953096198024
548,manual,few,small,2004,23.0,30.0,2.0,0.21952494458759253,-0.35267636496667587
549,auto,medium,large,2007,15.0,20.0,5.3,0.46338635051144894,0.3081117319948699
550,auto,medium,midsize,1990,15.0,19.0,2.9684,-0.40508800270467354,0.38307081256700326
551,lock-up,medium,midsize,1996,18.0,26.0,2.46,-0.03883304621782582,-0.2594722260149001
552,manual,medium,large,1999,15.0,20.0,4.3,0.1258915655184425,0.27545707335067343
553,auto,medium,midsize,2006,10.0,13.0,5.3,0.2535288501037483,0.28932307950850683
554,auto,medium,midsize,2007,14.0,17.0,4.7,0.4351376687735686,0.40128904686565864
555,auto,few,large,2007,15.0,22.0,2.9,0.4450779916354554,0.14565307826080012
556,lock-up,few,small,1991,25.0,31.0,1.4924,-0.23823360356360673,-0.41558918568395264
557,lock-up,few,midsize,1991,17.0,20.0,2.1648,-0.3057218465954892,0.17907561895154217
558,manual,medium,large,2004,14.0,20.0,4.3,0.5067703341127435,0.4265917126420303
559,auto,medium,midsize,2005,10.0,14.0,5.3,0.2979452891114066,0.3480808427214096
560,manual,medium,large,1985,13.0,17.0,5.002,-0.32696877336352714,0.35789385271092133
561,manual,few,small,1998,21.0,26.0,2.0,0.04895554000477571,-0.3235851378191805
562,auto,few,small,2008,19.0,26.0,2.4,0.36798880241674736,-0.2673332407406812
563,manual,few,small,1988,28.0,33.0,1.4924,-0.2098808555515862,-0.3235188031196343
564,auto,medium,large,2004,13.0,17.0,4.7,0.4376933719459636,0.47554844152847986
565,lock-up,medium,small,1990,14.0,17.0,2.7880000000000003,-0.40105613198847234,0.4941826173071118
566,lock-up,few,small,1989,18.0,24.0,1.9516,-0.44006305390321726,-0.10708136297147705
567,auto,medium,midsize,2007,13.0,19.0,4.6,0.47718908385698605,0.3924528914239776
568,auto,medium,midsize,1998,18.0,26.0,3.1,0.07075820418710865,-0.260233786848868
569,auto,few,small,2008,18.0,24.0,2.0,0.37454476068066445,-0.15211744290563678
570,auto,few,small,1987,21.0,25.0,2.214,-0.41401214764121325,-0.2630024256110593
571,manual,few,large,2003,19.0,23.0,2.4,0.3038000929574368,-0.20667309221785746
572,lock-up,medium,large,1987,13.0,17.0,5.002,-0.3678996745488736,0.42810537264294435
573,auto,many,large,2005,14.0,21.0,6.0,0.44492423655124297,0.30536361065876827
574,auto,few,midsize,2002,19.0,23.0,2.0,0.25617561628089,-0.19609136438847233
575,manual,medium,small,1993,15.0,23.0,5.74,-0.18819327617780793,0.11586578250274336
576,lock-up,medium,large,1995,13.0,17.0,5.74,-0.10848750171095063,0.42089761759852623
577,manual,few,small,1995,26.0,35.0,1.4924,-0.10366795318041522,-0.35521315949640786
578,auto,medium,midsize,2002,18.0,26.0,3.0,0.33139420203633624,-0.32786849018549585
579,manual,medium,small,1989,16.0,26.0,2.8372,-0.32134088275166145,-0.06845681767031757
580,auto,medium,midsize,2007,18.0,29.0,3.5,0.3141185604106119,-0.2928148659658207
581,auto,medium,midsize,2007,15.0,20.0,4.2,0.4797774978384129,0.31338801886248596
582,manual,medium,large,1995,11.0,16.0,5.2152,-0.09363558178407738,0.40522781971342037
583,auto,many,large,2008,13.0,19.0,6.0,0.3992520035968831,0.32791169497789185
584,auto,medium,small,2006,17.0,24.0,2.7,0.4676111800416833,-0.17807615234236293
585,lock-up,medium,large,1995,14.0,16.0,3.9196,-0.11460103686859673,0.41834196157485
586,manual,medium,large,1998,14.0,17.0,4.2,0.06469835101820244,0.4087082264375334
587,auto,few,small,2005,22.0,29.0,2.0,0.2685851517775087,-0.3551330518781994
588,manual,few,midsize,2006,19.0,24.0,2.3,0.44478683562772275,-0.2666859351886703
589,lock-up,medium,large,1987,11.0,15.0,5.74,-0.2961884632554817,0.3967195150705973
590,lock-up,few,midsize,1990,18.0,24.0,2.3124,-0.3822341316201179,-0.09500927429561455
591,manual,medium,large,1995,13.0,17.0,5.74,-0.10816132274181028,0.42233382025174837
592,auto,medium,small,2005,9.0,15.0,3.6,0.2645195474912739,0.3086661582300611
593,lock-up,medium,large,1986,11.0,15.0,5.74,-0.288725908115849,0.36866729591623687
594,manual,few,small,1989,23.0,27.0,1.6072,-0.368664374920958,-0.4212863722816692
595,auto,medium,large,2007,15.0,23.0,4.6,0.417570060601335,0.07540627606903379
596,auto,medium,small,2001,14.0,20.0,3.6,0.27293212141309237,0.32424971370832656
597,lock-up,few,small,1993,24.0,30.0,1.476,-0.200597963758522,-0.4214251169612106
598,lock-up,few,midsize,1996,21.0,26.0,2.1648,-0.0622577198291002,-0.33970662294763115
599,manual,medium,midsize,2004,15.0,23.0,3.0,0.40982788839896195,0.02054275133085988
600,manual,few,large,1985,22.0,29.0,1.9516,-0.34189756663958093,-0.34590226229839344
601,manual,medium,small,1989,17.0,24.0,5.74,-0.3058648110348415,0.010289623908321829
602,manual,medium,small,2005,17.0,26.0,4.0,0.44086707689854254,-0.2771151559100892
603,manual,medium,large,1985,14.0,16.0,4.2968,-0.31584326920732686,0.35351705644035053
604,manual,medium,small,1988,16.0,20.0,2.8536,-0.44901125362620853,0.2664964905965523
605,auto,medium,large,1986,10.0,12.0,5.904,-0.23687633513881523,0.3310226933831386
606,lock-up,few,midsize,1994,19.0,25.0,2.4928,-0.1629602860977395,-0.21036262788031793
607,manual,few,small,1985,17.0,24.0,2.296,-0.38632218951688035,-0.045775308781766215
608,manual,few,midsize,2006,26.0,33.0,1.8,0.16242630855242168,-0.2906679945802891
609,auto,few,small,1985,17.0,20.0,2.296,-0.3648991136221312,0.14321577527725488
610,auto,medium,large,1989,11.0,13.0,4.9528,-0.26910414413358275,0.40912907468373655
611,manual,few,large,1985,19.0,24.0,2.4764,-0.4010496031685429,-0.11838985363909228
612,manual,few,small,1986,22.0,27.0,1.9516,-0.3807448255497605,-0.3405511598018101
613,auto,medium,large,2004,14.0,17.0,4.0,0.4558927602186097,0.4781891759610056
614,auto,medium,small,2002,16.0,23.0,3.0,0.3199814981359098,-0.06668474985560759
615,auto,few,small,1991,18.0,25.0,2.296,-0.3081478846670968,-0.142520597996182
616,manual,few,large,1986,21.0,26.0,1.9516,-0.38871461339418406,-0.2835464345155167
617,manual,few,midsize,1985,21.0,27.0,2.0008,-0.3622443574654899,-0.2879805768849232
618,manual,few,small,1985,28.0,33.0,1.4924,-0.21465630827592136,-0.29345646042189294
619,manual,medium,midsize,2001,17.0,25.0,2.5,0.2581390812884532,-0.22831255998624625
620,auto,medium,midsize,2005,13.0,17.0,4.2,0.4702352422959477,0.47294542205651685
621,manual,medium,large,1986,13.0,14.0,4.9528,-0.29828864758469703,0.3749097280397962
622,manual,medium,small,1992,14.0,21.0,3.608,-0.28310398307235307,0.2647088735882134
623,manual,few,midsize,1995,18.0,22.0,2.3452,-0.1058505706345905,-0.031119276396329304
624,lock-up,medium,large,1995,15.0,20.0,6.478,-0.09321156418202886,0.2825428589976614
625,auto,few,small,2005,21.0,27.0,2.0,0.33729315990371306,-0.3694922606032108
626,auto,medium,large,2002,17.0,24.0,3.4,0.32756525821253346,-0.20184782252121594
627,manual,medium,large,2004,16.0,21.0,3.0,0.4369121771463325,0.1534281016193654
628,auto,medium,small,2003,15.0,21.0,3.6,0.36294627299865145,0.21113142921757583
629,manual,medium,midsize,2007,18.0,26.0,3.0,0.41771575112939496,-0.2764330257257914
630,auto,medium,midsize,2004,15.0,20.0,3.7,0.4787554340440973,0.37411668438522194
631,lock-up,medium,small,1990,17.0,22.0,2.952,-0.4394015706031008,0.11655356324979274
632,lock-up,medium,large,1988,11.0,16.0,5.002,-0.3237356480273968,0.43791945981610214
633,manual,medium,small,2002,18.0,26.0,3.0,0.33238996391670106,-0.33008656532419695
634,auto,medium,large,1985,11.0,13.0,5.2152,-0.26037164303778076,0.3377733161325587
635,manual,medium,small,1994,13.0,20.0,3.9852,-0.17958054617962357,0.34456277859686596
636,lock-up,few,midsize,1989,16.0,20.0,2.1484,-0.42052731094966456,0.25878449493025457
637,manual,medium,large,2001,15.0,20.0,3.0,0.2509020037534897,0.25624136847728024
638,manual,many,small,1985,9.0,14.0,4.9528,-0.24914534806324454,0.3241781753258187
639,manual,few,large,1987,17.0,21.0,2.5584,-0.45140851152679556,0.13851628630535673
640,manual,medium,small,2005,16.0,24.0,3.6,0.4589136792109017,-0.12623011554748875
641,auto,medium,large,2000,17.0,26.0,3.2,0.20092614495078498,-0.2436523816857343
642,lock-up,medium,large,1987,13.0,17.0,5.002,-0.3690283393235561,0.4306816703046244
643,lock-up,few,small,1988,21.0,29.0,1.9844,-0.3725120230502803,-0.4173858778861664
644,auto,medium,midsize,1999,18.0,26.0,3.1,0.13356272760291138,-0.2659761521205755
645,manual,medium,large,1986,16.0,20.0,4.2968,-0.4017234514546267,0.2505999474893534
646,manual,few,small,1986,23.0,31.0,1.8532,-0.2978448136617044,-0.35898406817525114
647,manual,medium,large,1999,14.0,17.0,4.8,0.14661027936980497,0.42102296657772414
648,auto,medium,large,2005,17.0,26.0,3.8,0.4448520443132642,-0.2801411689312994
649,manual,medium,large,1989,11.0,14.0,4.9528,-0.2887436279125128,0.43830865358074794
650,manual,medium,midsize,2000,18.0,26.0,2.8,0.19733797359728697,-0.2838353610374948
651,auto,medium,small,2005,16.0,24.0,3.6,0.45891367921090187,-0.1262301155474892
652,manual,medium,large,1989,15.0,19.0,2.952,-0.43653537167786216,0.37833188776643745
653,manual,few,large,1992,21.0,26.0,2.296,-0.255969838801942,-0.32035025146509805
654,auto,medium,midsize,2003,17.0,24.0,3.2,0.3766042872042958,-0.20718173913074098
655,manual,few,small,1988,28.0,35.0,1.476,-0.19389021067762424,-0.30856089095851
656,auto,few,small,2002,25.0,30.0,1.8,0.1470541569360757,-0.35192649355593814
657,lock-up,medium,small,1990,15.0,22.0,5.74,-0.3198242356685885,0.17343418445417896
658,lock-up,few,large,1989,18.0,24.0,2.3944,-0.4567912602172008,-0.09599330520246717
659,auto,medium,large,2005,13.0,17.0,5.4,0.44909972362448786,0.46089888301959037
660,manual,few,midsize,1995,21.0,26.0,1.8368,-0.11952270557447264,-0.3220958112123276
661,manual,few,small,1998,21.0,29.0,2.0,0.020568037849125354,-0.39556604571216464
662,auto,medium,large,1986,14.0,16.0,4.92,-0.33752000211429833,0.39021400019034763
663,auto,medium,small,2004,17.0,24.0,2.5,0.45170347131623034,-0.23422648130244106
664,manual,medium,large,1992,11.0,16.0,5.74,-0.2404056058133413,0.44865603725088293
665,auto,medium,large,2005,14.0,17.0,4.3,0.4758483545642829,0.4670052914503099
666,auto,few,large,1989,21.0,24.0,2.0008,-0.35651125938096767,-0.20370943018167012
667,auto,medium,small,2008,20.0,29.0,2.5,0.2859102515908534,-0.2993509934403353
668,manual,few,midsize,1989,21.0,31.0,2.4928,-0.3110978092501123,-0.4164847423061459
669,lock-up,medium,midsize,1993,18.0,26.0,3.3456,-0.21713932455779933,-0.1891770621350631
670,auto,medium,midsize,2005,17.0,24.0,2.5,0.48950341402157255,-0.20998520766488277
671,auto,few,small,2003,21.0,30.0,2.2,0.23198514898428393,-0.37300035648685514
672,lock-up,medium,large,1992,15.0,20.0,4.2968,-0.3030411250182647,0.3205497450328586
673,lock-up,few,midsize,1994,21.0,29.0,1.9024,-0.15502414374388954,-0.3803448860769618
674,auto,medium,large,1999,14.0,17.0,3.0,0.1362896890452535,0.3804309164986421
675,lock-up,few,midsize,1992,18.0,26.0,2.4764,-0.2544635153085585,-0.21093547457398668
676,auto,few,midsize,2005,21.0,29.0,2.0,0.28829416059774565,-0.3595946447643161
677,lock-up,few,midsize,1996,23.0,31.0,1.7712,-0.06647015048174937,-0.3831437628482523
678,manual,medium,midsize,2001,14.0,17.0,4.3,0.27559087193856974,0.43013337238510513
679,auto,few,small,1993,25.0,30.0,1.476,-0.19341526160987235,-0.4086483717394222
680,auto,medium,midsize,2003,15.0,19.0,2.7,0.37544393798620024,0.3488230858886829
681,manual,medium,large,1987,10.0,12.0,5.904,-0.2357299816079887,0.34198312868469366
682,lock-up,few,midsize,1986,18.0,26.0,2.4764,-0.42586007576347457,-0.19746849019593907
683,lock-up,few,large,1990,16.0,19.0,2.3452,-0.3642419927905555,0.2952728625893015
684,manual,few,midsize,1999,18.0,23.0,2.5,0.14003115523238147,-0.14616642826770637
685,auto,medium,large,1989,13.0,15.0,4.92,-0.33030134471177475,0.46860573115848764
686,manual,few,midsize,1992,19.0,26.0,2.1648,-0.251683639142572,-0.25166955664087737
687,lock-up,few,midsize,1996,19.0,29.0,2.0008,-0.055295927817471974,-0.3407944476381736
688,lock-up,few,small,1989,21.0,26.0,1.5908,-0.41983708636983436,-0.3508408981935618
689,manual,few,small,1991,21.0,26.0,1.8368,-0.316290125674587,-0.32567511542576405
690,manual,few,small,2006,19.0,29.0,2.0,0.32620752437826617,-0.3426093195908209
691,auto,medium,midsize,2007,14.0,20.0,4.0,0.47569551507779745,0.33022164224751815
692,manual,few,small,1988,18.0,29.0,1.9844,-0.3310507137155948,-0.2747648592347519
693,manual,few,large,1987,18.0,23.0,2.4764,-0.45270776521117445,-0.03308491010659083
694,auto,medium,small,2000,15.0,23.0,5.7,0.1502680157882218,0.031171675968352696
695,auto,medium,midsize,2004,17.0,24.0,3.5,0.4635400667982173,-0.21604191253834518
696,manual,few,midsize,1991,19.0,26.0,2.0008,-0.3114720980869981,-0.251678432107901
697,auto,medium,large,2008,12.0,17.0,3.9,0.36106778685460156,0.3428529128887696
698,manual,few,midsize,1989,26.0,32.0,1.476,-0.24461257320416993,-0.3745094312674497
699,manual,few,small,1988,19.0,25.0,1.9844,-0.44871427489852617,-0.21930987833726678
700,manual,medium,large,1987,14.0,16.0,4.2968,-0.35263724334144253,0.40840393006297787
701,lock-up,medium,large,1992,16.0,26.0,3.7884,-0.22791531756757508,-0.07311467943074494
702,manual,medium,large,1987,14.0,17.0,5.002,-0.3789109331187164,0.424779651362496
703,lock-up,few,small,1985,21.0,24.0,1.7876,-0.3509331768997195,-0.18298346896826276
704,auto,few,midsize,2006,19.0,25.0,2.4,0.449935347259386,-0.3114763507434023
705,manual,medium,large,2000,11.0,15.0,3.0,0.1637203168178822,0.38366826147219674
706,lock-up,medium,small,1988,15.0,23.0,5.74,-0.3217993179430472,0.11761690253910262
707,manual,few,midsize,1994,18.0,25.0,2.0008,-0.16313565544746061,-0.17038653449264285
708,manual,few,small,1985,23.0,29.0,1.7876,-0.32980757088810697,-0.3459424678042852
709,lock-up,few,small,1986,25.0,29.0,1.476,-0.2978254958177253,-0.34812976973842247
710,lock-up,medium,midsize,1986,15.0,20.0,5.2152,-0.4028858826658917,0.282815139665515
711,manual,medium,large,1990,11.0,13.0,5.74,-0.24492803775469307,0.3982034676628545
712,auto,few,midsize,2000,18.0,22.0,2.7,0.17504560201044697,-0.06818968594677532
713,manual,few,midsize,1987,21.0,29.0,2.214,-0.369372995847796,-0.37621884386700716
714,auto,medium,midsize,2000,15.0,21.0,5.5,0.17953098446805033,0.21582394789727447
715,manual,few,large,1986,21.0,26.0,1.7876,-0.39165697664203003,-0.2884233554078737
716,manual,few,small,2000,33.0,41.0,1.0,-0.005557791492295173,-0.2641763419828865
717,auto,medium,small,1995,16.0,21.0,3.198,-0.11434283216742012,0.1608047252011658
718,lock-up,few,small,1996,22.0,30.0,2.0008,-0.06418057379241857,-0.3728738566870577
719,lock-up,medium,midsize,1992,15.0,23.0,5.74,-0.22272451941015992,0.11557684893973601
720,manual,medium,large,1988,14.0,20.0,5.002,-0.428986139313865,0.3585773614818662
721,lock-up,medium,midsize,1994,15.0,23.0,4.346,-0.17253710644131756,0.0945140055030695
722,lock-up,medium,small,1995,15.0,23.0,3.9852,-0.10787200592511974,0.06520794505223991
723,lock-up,few,small,1987,21.0,27.0,1.9516,-0.40719852402928747,-0.3476842642947436
724,manual,few,midsize,1999,17.0,25.0,2.0,0.1559967383260914,-0.21503485204012318
725,auto,medium,large,1990,13.0,15.0,4.92,-0.31922966046568985,0.49158815708463155
726,auto,medium,midsize,2004,13.0,17.0,5.3,0.42738090398534323,0.4630284514413675
727,manual,few,small,1987,18.0,29.0,1.9844,-0.3271540285431822,-0.27142702337722474
728,lock-up,few,small,1994,23.0,30.0,1.8368,-0.16882699652927424,-0.42541110245291086
729,manual,few,small,1985,21.0,27.0,1.804,-0.36172640147430307,-0.2896916842443293
730,lock-up,medium,large,1988,14.0,17.0,3.9196,-0.4093444984640761,0.4591656844294663
731,auto,medium,small,2006,19.0,27.0,2.5,0.41726634902911186,-0.36665433375695866
732,auto,few,midsize,1987,17.0,22.0,2.214,-0.4621551651614684,0.07094890022026888
733,auto,medium,midsize,2005,11.0,17.0,5.6,0.3815912932406086,0.4084888389389489
734,auto,medium,large,2005,15.0,21.0,4.2,0.47471267616960894,0.25423018791798335
735,manual,medium,large,1992,13.0,17.0,4.9528,-0.29600060587031324,0.5116174296465524
736,auto,medium,large,2000,15.0,22.0,4.2,0.17337436708362208,0.06410344704488063
737,lock-up,medium,small,1987,18.0,24.0,2.8372,-0.4472140273184552,-0.09027832404840326
738,manual,medium,small,2004,18.0,27.0,2.8,0.43868543107872693,-0.38994496510506416
739,manual,few,small,1987,22.0,29.0,1.7876,-0.36476469939824374,-0.3980579564542381
740,manual,medium,large,1988,15.0,19.0,4.2968,-0.4572299434923511,0.38917987357938194
741,lock-up,medium,large,1987,15.0,20.0,6.2156,-0.4027706107240081,0.3062271377608884
742,auto,medium,large,1987,15.0,17.0,4.2968,-0.4028013664080558,0.4127778777517252
743,auto,medium,large,2007,11.0,17.0,3.9,0.36956187243339317,0.36201320374784035
744,auto,few,midsize,2001,21.0,23.0,2.0,0.15540344804427048,-0.16521206704334168
745,auto,medium,small,2008,13.0,19.0,2.7,0.40680169457396853,0.3065860054801959
746,auto,medium,midsize,2005,17.0,24.0,2.5,0.488857153355467,-0.20939154117749278
747,lock-up,medium,large,1995,11.0,15.0,5.002,-0.10921500095630034,0.4230444303770277
748,auto,medium,midsize,2006,15.0,21.0,3.0,0.4731767401320485,0.22802453175702941
749,auto,few,small,2005,17.0,24.0,2.0,0.4729342444015353,-0.21295727478121895
750,auto,medium,small,2004,19.0,25.0,3.2,0.45698736215713753,-0.35277862457129383
751,manual,few,small,1997,21.0,29.0,1.886,-0.023886272555698338,-0.38872375096771633
752,auto,medium,small,2008,17.0,24.0,3.6,0.38891669462088246,-0.12373539309987469
753,lock-up,medium,large,1992,16.0,23.0,3.8048,-0.30054698772486305,0.07314304080378803
754,manual,few,midsize,2007,19.0,26.0,2.5,0.4083399179593646,-0.3159453883817317
755,manual,medium,small,2005,19.0,29.0,2.5,0.3395649321086733,-0.36957026418928945
756,lock-up,medium,large,1996,15.0,19.0,4.2968,-0.05360516885704326,0.3307172384648764
757,manual,medium,small,2008,12.0,18.0,5.0,0.387332377956694,0.35029848290459586
758,manual,few,small,1990,25.0,33.0,1.476,-0.2282086147889468,-0.3879855577786948
759,manual,few,small,2000,18.0,24.0,2.0,0.19911006167655657,-0.204960195860746
760,manual,medium,small,2004,16.0,24.0,2.6,0.43289986854804774,-0.16540173273981076
761,auto,medium,midsize,2003,17.0,24.0,3.0,0.37671253192726634,-0.2129886989832813
762,auto,medium,large,1990,15.0,16.0,4.2968,-0.3683094960133466,0.4819449512209679
763,auto,medium,small,1985,19.0,23.0,3.0012,-0.3787087557046332,-0.05919047298615726
764,auto,medium,small,2006,11.0,16.0,4.3,0.35669767424506915,0.372569819882733
765,lock-up,medium,small,1991,15.0,17.0,2.4928,-0.33695634234956534,0.4300468645102368
766,auto,medium,large,2001,11.0,16.0,5.9,0.231474882257951,0.402044948629423
767,manual,medium,small,2002,16.0,24.0,3.6,0.30147407625918254,-0.1648618724734984
768,auto,few,midsize,1987,17.0,22.0,2.214,-0.4621551651614682,0.07094890022026921
769,manual,medium,large,1987,15.0,20.0,2.8372,-0.44071706254556464,0.29987220818190896
770,manual,few,small,2007,22.0,29.0,2.3,0.26295109949179357,-0.3118757557540752
771,manual,few,small,1986,22.0,27.0,1.9516,-0.3793213991390829,-0.3382076132766808
772,auto,few,small,1999,23.0,33.0,1.9,0.047908605897483025,-0.37642825867691865
773,manual,few,small,1990,21.0,30.0,2.296,-0.32159245621435273,-0.43967841126497376
774,lock-up,few,midsize,1993,21.0,26.0,2.4928,-0.20402338902322617,-0.30354752071994406
775,auto,few,small,1988,18.0,23.0,2.214,-0.4627880536219066,-0.02770762301886
776,manual,few,small,2004,25.0,33.0,2.0,0.15724467560326644,-0.3243174247067133
777,auto,medium,midsize,2000,11.0,16.0,4.4,0.17117120752212314,0.40320873026363085
778,manual,few,small,1996,29.0,35.0,1.5908,-0.05807106313042962,-0.3152260671426562
779,auto,medium,large,1998,14.0,19.0,4.6,0.07527718617018248,0.35751408681638547
780,auto,few,midsize,2007,18.0,27.0,2.0,0.37945576074465603,-0.29917582748163923
781,auto,medium,large,2008,12.0,16.0,5.3,0.34313326395383675,0.3334940596988842
782,lock-up,medium,midsize,1988,18.0,26.0,2.9848,-0.4232615230583087,-0.2090274077407236
783,manual,few,small,1985,29.0,39.0,1.6072,-0.16950195024813935,-0.2599762084086798
784,auto,few,midsize,2003,19.0,23.0,2.0,0.28974389514772236,-0.19994834376928367
785,auto,medium,midsize,1999,17.0,25.0,3.5,0.15005768762355176,-0.1957008851538426
786,manual,medium,large,1994,15.0,20.0,4.2968,-0.19632355845907556,0.31646258919793485
787,auto,medium,midsize,2006,14.0,17.0,3.8,0.4651815211209013,0.43907563107056585
788,manual,medium,large,2003,15.0,19.0,4.2,0.4445480309217791,0.4270729862446658
789,manual,few,small,1989,21.0,31.0,2.214,-0.31109780925011277,-0.4164847423061459
790,manual,few,large,1985,21.0,25.0,2.296,-0.3782370716583163,-0.22125575690343158
791,lock-up,few,midsize,1985,21.0,29.0,2.4764,-0.35393759422363263,-0.33952209707815273
792,auto,medium,small,2002,17.0,27.0,3.8,0.25941679922879374,-0.25471019359473046
793,auto,medium,small,2000,18.0,29.0,3.4,0.1379379471993227,-0.30349354533274525
794,auto,medium,large,1991,14.0,16.0,3.9196,-0.3364367690821235,0.5039403136314287
795,manual,few,small,2000,25.0,36.0,1.9,0.048139814297491576,-0.3181730163401304
796,lock-up,medium,midsize,1992,18.0,25.0,2.9684,-0.2771093648530015,-0.1501008220164174
797,auto,few,midsize,1999,19.0,24.0,2.0,0.1255018013921105,-0.20086787410381735
798,auto,medium,midsize,2006,14.0,19.0,4.2,0.5142391958486987,0.42365403999986323
799,manual,few,large,1999,21.0,26.0,2.2,0.11117995171217718,-0.332316756545664
800,lock-up,medium,large,1987,13.0,16.0,5.74,-0.3386613454562883,0.42373019165637454
801,auto,medium,midsize,1998,18.0,23.0,3.0,0.09026543377269747,-0.13409242174707
802,manual,medium,small,1985,14.0,19.0,3.4276,-0.3703754002479277,0.3010747489776263
803,auto,medium,midsize,2006,13.0,19.0,4.2,0.49250093794182914,0.4318266306679837
804,manual,medium,large,1995,13.0,17.0,5.002,-0.10382848340173896,0.4252876421114084
805,manual,few,small,2008,19.0,26.0,2.4,0.3657176672877505,-0.26702132816922686
806,auto,medium,small,2004,18.0,26.0,3.0,0.4624121494769721,-0.3663410858929579
807,lock-up,few,large,1993,18.0,22.0,2.296,-0.23108256124675985,0.013376585352337612
808,lock-up,medium,large,1986,14.0,17.0,4.2968,-0.3646208955445153,0.37851956815437193
809,lock-up,medium,large,1996,11.0,16.0,5.2152,-0.052050204787031984,0.4069005018210189
810,lock-up,few,small,1985,17.0,22.0,2.5584,-0.3817129954604587,0.04371123995128615
811,lock-up,medium,large,1995,14.0,19.0,4.92,-0.115802632827752,0.3802842730259218
812,lock-up,medium,large,1990,11.0,17.0,5.74,-0.30213236960474693,0.47123933047249217
813,manual,medium,large,1985,10.0,13.0,5.2152,-0.25164539421045495,0.33009512311773564
814,manual,few,small,2002,23.0,30.0,2.0,0.16862756769422388,-0.36913719138419376
815,auto,medium,midsize,2007,16.0,23.0,4.2,0.4356257787657789,0.014067150321973589
816,manual,medium,large,1990,11.0,15.0,5.74,-0.2890727478760489,0.4676925439313453
817,auto,medium,small,2007,18.0,27.0,2.5,0.3861509340122954,-0.30046101204611525
818,manual,few,large,1987,18.0,24.0,2.0008,-0.44304081719458727,-0.10156968954878443
819,lock-up,few,small,1994,18.0,26.0,1.9844,-0.15341855805297433,-0.22503492056594726
820,lock-up,medium,large,1993,13.0,16.0,3.9196,-0.21440142998352446,0.45214668145917647
821,lock-up,few,midsize,1985,21.0,24.0,1.7876,-0.3527205805175704,-0.18447907362160776
822,manual,few,large,2000,16.0,20.0,2.4,0.18874251204179202,0.1963227620216993
823,auto,medium,midsize,2005,10.0,13.0,5.3,0.25586083662212006,0.30612743698870526
824,manual,medium,large,1990,15.0,17.0,4.92,-0.3997537793334955,0.501391793814664
825,auto,medium,large,2007,13.0,17.0,5.3,0.41334248618510305,0.39256553735100375
826,auto,medium,small,2005,18.0,26.0,3.0,0.4648376688343885,-0.34538344246304864
827,auto,few,midsize,2004,18.0,24.0,2.4,0.4593895306793681,-0.2824078228562401
828,auto,medium,large,1999,15.0,21.0,3.8,0.12469796283315694,0.19654126609567216
829,manual,few,small,1998,21.0,30.0,2.4,0.022457332810844208,-0.38911400880064123
830,lock-up,medium,large,1991,15.0,20.0,4.2968,-0.35076077462941585,0.33041910251436246
831,manual,medium,small,1992,16.0,23.0,2.7880000000000003,-0.3116308158945755,0.06191286795631549
832,auto,few,small,1998,25.0,30.0,1.5,0.008187360382371684,-0.38437582872517556
833,manual,few,large,1993,16.0,19.0,2.6076,-0.23521798458590057,0.2847203766317097
834,auto,few,midsize,2008,18.0,24.0,2.4,0.3827718668258565,-0.15556565291662497
835,auto,few,midsize,1985,18.0,21.0,2.5584,-0.36147347210389547,0.053428603786056364
836,auto,medium,large,2007,15.0,20.0,4.0,0.4712490137476197,0.30440130891330147
837,auto,medium,small,1987,16.0,21.0,2.2304,-0.4447643899148815,0.17236786261436401
838,manual,few,large,1987,18.0,21.0,2.46,-0.4161625879605309,0.08971014130106848
839,manual,medium,small,2008,19.0,28.0,2.7,0.32628532268516663,-0.2899443052154145
840,manual,medium,small,1989,15.0,23.0,5.002,-0.37363116912317273,0.13851825991961503
841,manual,few,small,1993,24.0,31.0,1.4924,-0.19274750481154967,-0.4178773304294222
842,auto,medium,large,2006,14.0,17.0,4.3,0.4685512917662326,0.44452803369937954
843,auto,medium,midsize,2007,17.0,24.0,3.3,0.42546606671442677,-0.1433863337394659
844,manual,few,small,2005,23.0,32.0,1.6,0.20390315562553607,-0.32631987052090555
845,auto,few,small,2004,22.0,29.0,2.2,0.26028550476486123,-0.3608831823566738
846,auto,few,midsize,2008,24.0,30.0,2.5,0.2254657523247552,-0.2890430245693138
847,lock-up,medium,large,1989,16.0,23.0,6.2156,-0.29847328904024917,0.09643430414791267
848,manual,few,midsize,1988,22.0,27.0,1.7876,-0.39663297697213545,-0.39449132682306953
849,lock-up,medium,midsize,1994,18.0,24.0,2.4928,-0.16962703395396156,-0.12719810537517104
850,manual,few,midsize,1986,23.0,31.0,1.8532,-0.29973539760526835,-0.36064439392977904
851,auto,few,midsize,2006,19.0,24.0,2.8,0.45122102194365804,-0.26960380480864904
852,auto,few,midsize,2002,15.0,20.0,2.2,0.2938543212270748,0.2400135271878809
853,lock-up,medium,small,1986,15.0,22.0,5.74,-0.35363414189409903,0.1529995714792143
854,manual,few,midsize,2008,22.0,28.0,2.3,0.2729156963618308,-0.29797205403899873
855,lock-up,medium,midsize,1985,18.0,25.0,2.8372,-0.39644193897467944,-0.12059455043477581
856,auto,few,midsize,1985,22.0,27.0,1.6072,-0.3625049481285233,-0.3184019232311296
857,manual,few,midsize,1999,19.0,24.0,2.0,0.12761584027893513,-0.2023776358329776
858,lock-up,medium,midsize,1985,18.0,25.0,2.8372,-0.3964419389746792,-0.12059455043477608
859,lock-up,medium,midsize,1985,15.0,23.0,2.9684,-0.33938427378672104,0.060315648032554625
860,lock-up,few,small,1993,21.0,29.0,2.1976,-0.205216557670392,-0.39498250611464125
861,auto,medium,small,2003,15.0,22.0,4.0,0.3482208560074468,0.12184487704706612
862,manual,medium,large,1985,14.0,17.0,4.2968,-0.34060028483963967,0.3424701024092104
863,auto,medium,midsize,2006,13.0,17.0,4.4,0.4525553363564981,0.43605144979684435
864,lock-up,few,small,1994,22.0,31.0,1.6072,-0.15176818320654592,-0.4087053001122439
865,auto,medium,midsize,2008,18.0,24.0,3.0,0.38741733360724423,-0.15556748077331323
866,auto,medium,midsize,2006,14.0,19.0,5.3,0.5002425661113986,0.42061062398806726
867,manual,medium,small,1985,9.0,15.0,2.9356,-0.25185721641606873,0.3207873415726373
868,auto,medium,large,1987,9.0,11.0,5.904,-0.21721716595250604,0.31862413686045576
869,auto,medium,large,2003,14.0,19.0,4.3,0.481464614061481,0.4831598947554841
870,auto,medium,large,2003,18.0,25.0,3.0,0.39868412320460345,-0.3082883073614334
871,manual,few,small,1991,22.0,29.0,1.5908,-0.30567103145713154,-0.466174977401473
872,lock-up,few,large,1989,18.0,26.0,2.4764,-0.4189625057128329,-0.23262410379076234
873,manual,few,midsize,1987,24.0,35.0,1.8532,-0.2280615852335013,-0.3316847487481711
874,auto,medium,midsize,1998,17.0,20.0,3.0,0.06276330068697988,0.15618716122706724
875,auto,medium,large,2001,16.0,23.0,4.6,0.23255532126850015,-0.04848161408691987
876,lock-up,few,small,1994,23.0,32.0,1.476,-0.15846736922789123,-0.41479138581957237
877,manual,medium,small,1996,17.0,22.0,3.0012,-0.044631010765327016,0.022261514396119966
878,manual,few,small,1990,22.0,29.0,1.5908,-0.33921492751258825,-0.46343249050026414
879,auto,few,midsize,2002,23.0,29.0,2.0,0.19000360667231467,-0.3671852459194539
880,auto,few,small,1988,21.0,26.0,1.7876,-0.42795619657027767,-0.33153414907254297
881,auto,medium,small,2005,13.0,20.0,5.4,0.49245524968525217,0.41940121752149595
882,auto,medium,small,2007,17.0,23.0,3.5,0.4411651340844019,-0.05664355032506563
883,auto,medium,large,1989,15.0,16.0,4.2968,-0.37323820079963954,0.46556868767436754
884,manual,few,small,1989,15.0,25.0,2.1812,-0.331360005504618,-0.01886908550922606
885,auto,medium,small,2000,17.0,26.0,2.5,0.20268799678364388,-0.24839705281161473
886,auto,many,midsize,2007,10.0,17.0,6.0,0.3177662725994533,0.3164893349285124
887,auto,medium,large,2008,13.0,20.0,4.6,0.4287541554499731,0.3087726680534539
888,auto,few,small,2005,28.0,39.0,1.9,0.0951431502174771,-0.2592202197738583
889,lock-up,few,small,1986,21.0,24.0,1.6072,-0.36778300296613375,-0.19007796172895544
890,auto,medium,large,2008,11.0,17.0,3.3,0.33192385701549093,0.3173737653593607
891,manual,few,small,1986,37.0,45.0,1.0004,-0.12990475156792677,-0.2459379454426352
892,auto,medium,small,1999,16.0,22.0,5.7,0.09537438770378494,0.050245584647232014
893,auto,medium,large,2007,11.0,15.0,5.3,0.3175803367684133,0.32588244256751625
894,lock-up,few,midsize,1993,18.0,25.0,2.214,-0.23020050411181125,-0.15975321658809677
895,auto,medium,small,2005,15.0,21.0,3.6,0.473438393686389,0.24539615610968138
896,auto,medium,midsize,2003,14.0,17.0,3.5,0.41075107730055105,0.47178251945912736
897,auto,few,small,1985,19.0,24.0,1.722,-0.3783137743963676,-0.12198970565356222
898,manual,medium,large,1987,14.0,17.0,4.92,-0.3798792086091933,0.4231666362923098
899,manual,medium,large,1992,13.0,17.0,3.9196,-0.3010318887472614,0.5112494223716358
900,manual,medium,large,1994,11.0,16.0,5.74,-0.14402573031461677,0.4217006991548806
901,manual,few,small,1985,23.0,30.0,1.968,-0.30441361698902036,-0.34013217909161503
902,auto,medium,large,2007,14.0,19.0,4.3,0.48123553962529625,0.36912637669040804
903,lock-up,medium,large,1995,15.0,20.0,4.2968,-0.12011743221921738,0.3088298853733983
904,auto,medium,small,2002,14.0,20.0,4.4,0.3322665932329514,0.34251260019684093
905,manual,few,small,1997,26.0,31.0,1.5908,-0.037948918632787536,-0.3666662197403036
906,manual,medium,small,1985,16.0,21.0,2.8372,-0.3829006467370738,0.14501589108146326
907,manual,medium,large,1993,14.0,17.0,3.1324,-0.22849443049151816,0.42936883324770925
908,lock-up,few,small,1990,21.0,27.0,2.0008,-0.36723414967011986,-0.3934589423573224
909,auto,few,midsize,1992,17.0,20.0,2.3124,-0.2642666100119307,0.18279556169352262
910,lock-up,few,small,1989,23.0,29.0,1.476,-0.33878374389293275,-0.4364781256750324
911,manual,medium,small,1991,16.0,22.0,2.9848,-0.3597663719852832,0.13929983172259894
912,manual,few,small,1987,23.0,27.0,1.968,-0.3677041470669128,-0.37258341912053417
913,auto,medium,large,2003,16.0,25.0,3.5,0.3447217177007828,-0.20907064770083003
914,auto,medium,midsize,2003,13.0,17.0,5.3,0.39352696953358884,0.46442935669855734
915,auto,medium,small,2004,15.0,20.0,5.0,0.4720323739413418,0.3820847121940115
916,manual,medium,small,1992,16.0,22.0,2.9684,-0.29723697701695195,0.12028885453198607
917,lock-up,medium,large,1990,15.0,19.0,3.9688,-0.44094552410861626,0.42696442923860134
918,lock-up,few,small,1989,19.0,26.0,2.0008,-0.4505664463525279,-0.2955765874953484
919,manual,medium,midsize,2002,17.0,24.0,2.7,0.32945367755362653,-0.21077029019986868
920,auto,few,midsize,2008,27.0,34.0,1.5,0.15947134493531184,-0.2617857542409926
921,lock-up,medium,midsize,1985,15.0,22.0,4.9528,-0.3422104347617163,0.13545683844356662
922,auto,medium,midsize,2008,16.0,22.0,3.6,0.4078787846477791,0.09034493107209739
923,manual,few,small,1994,39.0,50.0,1.4924,-0.06366848370696551,-0.2344123132181758
924,lock-up,few,midsize,1997,19.0,29.0,1.7876,-0.006641806210481867,-0.34519854853663434
925,auto,medium,large,2008,11.0,15.0,5.4,0.30337169918385176,0.305717692854919
926,manual,few,small,1992,19.0,25.0,2.3944,-0.2578922612025134,-0.19708119314458075
927,manual,few,large,2005,18.0,24.0,2.8,0.48910759012344546,-0.2608211295977896
928,manual,few,small,1995,19.0,29.0,2.2632,-0.10076798083795595,-0.34602689263896036
929,manual,medium,large,1998,15.0,19.0,4.0,0.07566761668845746,0.33031285300720253
930,auto,medium,large,2006,16.0,20.0,4.0,0.4731302476522264,0.2852321388972734
931,auto,medium,midsize,1998,17.0,27.0,3.8,0.0740711527378615,-0.2365774015854989
932,auto,medium,midsize,2006,13.0,17.0,5.7,0.438233117925682,0.4198954401774031
933,lock-up,few,midsize,1986,17.0,20.0,2.1484,-0.37850224729301907,0.16025911995494924
934,auto,few,midsize,1999,19.0,24.0,2.0,0.12761584027893577,-0.20237763583297788
935,auto,few,small,1986,26.0,31.0,1.476,-0.2615845874226223,-0.33611093058481434
936,manual,medium,midsize,2006,18.0,27.0,3.0,0.4243920103438842,-0.3330637294266208
937,auto,medium,midsize,2001,15.0,20.0,3.5,0.2637765292151724,0.2845760045504453
938,manual,few,large,2005,21.0,26.0,2.3,0.3664380098918141,-0.3675075925600197
939,manual,medium,small,1995,17.0,22.0,2.952,-0.11904651181205621,0.045087201356838254
940,auto,medium,midsize,1990,15.0,17.0,2.9684,-0.4009498152029636,0.46802529744620913
941,auto,medium,midsize,2005,16.0,21.0,2.7,0.4677662271778734,0.1624859422750657
942,lock-up,medium,large,1996,13.0,17.0,5.002,-0.052221671905155045,0.4193807415254183
943,lock-up,medium,small,1989,16.0,20.0,2.6732,-0.43809570269289627,0.27215877620365264
944,lock-up,medium,midsize,1989,18.0,25.0,3.3456,-0.4264858573734697,-0.14558694724044438
945,lock-up,few,midsize,1989,21.0,26.0,2.214,-0.42338717467497655,-0.3474601290793313
946,auto,medium,small,1987,15.0,20.0,2.8536,-0.4424546851557401,0.30467962910090146
947,manual,few,small,1986,30.0,37.0,1.394,-0.1775672307993153,-0.2765618387156481
948,auto,medium,large,2008,16.0,23.0,3.9,0.3946387690143214,0.015853891972495277
949,manual,few,midsize,1985,22.0,26.0,1.4924,-0.34313942260350516,-0.26972437447410214
950,auto,medium,large,2003,9.0,11.0,6.0,0.1877164354231258,0.2750711986580855
951,lock-up,medium,large,1989,14.0,20.0,5.002,-0.4477017417027107,0.3983787037561663
952,auto,medium,large,2004,11.0,14.0,4.7,0.30574732876599875,0.3701900812500382
953,manual,few,small,1989,25.0,33.0,1.2956,-0.24609866346111905,-0.37903566791677035
954,auto,medium,midsize,1987,21.0,25.0,3.0012,-0.4120513155206295,-0.2556667643222999
955,auto,medium,midsize,2006,18.0,26.0,3.0,0.45708329202067166,-0.317935608069836
956,auto,medium,midsize,1998,11.0,15.0,4.7,0.061087771409272386,0.39917364940071814
957,auto,few,small,1986,21.0,23.0,2.4928,-0.35651625468891823,-0.13849486035156897
958,auto,few,midsize,2008,34.0,30.0,2.3,0.13051139997472433,-0.22624593158929696
959,manual,medium,large,1996,15.0,17.0,3.3784,-0.050755299657242015,0.3816842042983032
960,manual,medium,midsize,1999,17.0,20.0,2.5,0.12292664323979698,0.14382892392131572
961,lock-up,medium,small,1991,16.0,22.0,2.5092,-0.36436182373320736,0.13138541611202348
962,auto,medium,large,2006,15.0,19.0,5.3,0.49834455015047624,0.390490973450994
963,auto,medium,small,1998,15.0,23.0,5.7,0.0580459579034351,0.05644097459933455
964,lock-up,few,small,1996,22.0,30.0,2.0008,-0.06065675031166382,-0.37537304500975294
965,auto,medium,midsize,2002,17.0,26.0,3.2,0.3088327086937818,-0.26996740495337057
966,auto,few,small,2007,21.0,29.0,2.2,0.2787354790865949,-0.3173467979452228
967,manual,few,small,1990,18.0,25.0,2.0008,-0.35359016554347145,-0.14384901214982548
968,auto,few,midsize,2002,21.0,27.0,2.3,0.2691585048624035,-0.3941639894525126
969,manual,few,small,1990,21.0,26.0,1.8368,-0.3904039608313163,-0.3638639388855904
970,auto,medium,midsize,2005,17.0,24.0,2.5,0.4863082533684323,-0.2073173708485868
971,manual,medium,large,1987,13.0,15.0,5.74,-0.32330454334246905,0.4159580147959856
972,auto,medium,midsize,2003,13.0,17.0,5.3,0.3956868990646209,0.4704155879024784
973,manual,few,small,1986,22.0,27.0,1.7876,-0.3859089381458315,-0.35067171408958997
974,manual,many,small,1988,6.0,10.0,5.166,-0.17879897153398175,0.2790631277256349
975,auto,many,large,2008,11.0,17.0,5.5,0.3412779861167956,0.3307063244380655
976,manual,medium,large,1986,15.0,20.0,2.8372,-0.4141642730633532,0.26737933306110856
977,auto,few,midsize,1999,18.0,27.0,2.4,0.11890149444559735,-0.2922152557507355
978,auto,medium,midsize,2005,14.0,19.0,4.6,0.5253374208914482,0.45960686767621206
979,auto,medium,midsize,2002,14.0,19.0,4.0,0.3604584889237603,0.4052648201207828
980,manual,few,midsize,2007,22.0,26.0,2.4,0.3028489627879065,-0.3026047483895649
981,auto,medium,midsize,2003,9.0,12.0,5.3,0.20285118746739794,0.29618956926522627
982,manual,few,small,1985,26.0,35.0,1.4924,-0.2139282912114657,-0.29712866066141624
983,manual,few,midsize,1989,21.0,31.0,2.4928,-0.31109780925011254,-0.41648474230614607
984,auto,medium,large,1998,9.0,13.0,6.7,0.04692096532112316,0.30476336380841684
985,auto,medium,small,1987,13.0,16.0,5.5432,-0.3386613454562885,0.4237301916563753
986,lock-up,medium,small,1992,17.0,22.0,3.2144,-0.3025311663788294,0.09472064008004498
987,lock-up,medium,small,1986,17.0,24.0,3.7884,-0.40972049734046945,-0.029607409765587345
988,lock-up,few,small,1985,21.0,24.0,1.6072,-0.3470058489538912,-0.1809332063413967
989,auto,medium,midsize,2002,15.0,22.0,3.9,0.2910046214441654,0.11221179795716622
990,auto,medium,midsize,2000,11.0,15.0,4.7,0.1615646828412445,0.3986254897418481
991,auto,medium,large,2005,15.0,20.0,4.3,0.5118021706294132,0.36647440620099925
992,auto,medium,midsize,1998,15.0,23.0,3.4,0.07817688025372375,0.01680998729230265
993,manual,few,midsize,2003,21.0,27.0,2.4,0.31025411577440665,-0.3989008203681702
994,lock-up,medium,small,1988,15.0,23.0,5.74,-0.32191106411121206,0.11615145899731379
995,lock-up,medium,large,1993,14.0,16.0,3.9196,-0.21407275761449715,0.4550679236795127
996,manual,few,small,1985,31.0,41.0,1.5908,-0.15673036821609268,-0.25333921523563524
997,lock-up,medium,large,1993,13.0,17.0,5.74,-0.219529030068779,0.45705812465374146
998,manual,medium,midsize,2004,18.0,27.0,3.0,0.43868450675672205,-0.39024118623507165
999,auto,medium,large,2003,13.0,17.0,5.3,0.39493281986761836,0.46598487124667903
